"UNIPROT","logFC_protein","AVEEXPR","T","P.VALUE","ADJ.P.VAL","B.x","SIGNIFICANT","CATEGORY","SYMBOL","X","logFC_rna","AveExpr","t","P.Value","adj.P.Val","B.y","ENTREZID","GENENAME","status"
"Q96EQ0",-1.49063288849305,0.219785824598026,-8.47631289079667,5.23981209652307e-08,7.77639649949516e-05,8.50340705606234,TRUE,"Downregulated","SGTB","228745_at",-1.05990443731824,10.683637909198,-2.63852493280004,0.00916127877738967,0.0762069007524701,-3.04841554779128,54557,"small glutamine rich tetratricopeptide repeat co-chaperone beta","Concordant"
"P02743",3.79365162814428,-0.574236994705359,8.40174440626817,6.01655435164035e-08,7.77639649949516e-05,8.37738475480455,TRUE,"Upregulated","APCS","206350_at",1.04336633289172,5.52580668449308,2.47780978956038,0.014272678946393,0.101417917887657,-3.43395982662454,325,"amyloid P component, serum","Concordant"
"P27338",2.08126191048594,0.047756835564298,7.94605284389296,1.4225701133257e-07,0.000122578124764898,7.58882870576386,TRUE,"Upregulated","MAOB","204041_at",0.911145482028228,9.15342096058662,2.59186070196237,0.010441852011138,0.0829512631427921,-3.16264801899246,4129,"monoamine oxidase B","Concordant"
"P17302",1.82083866615426,-0.190301501308207,7.16075969132582,6.68851981295768e-07,0.00043224559291239,6.1547122479054,TRUE,"Upregulated","GJA1","201667_at",0.425101605765255,12.4124824238549,0.928010970587526,0.354819414261855,0.632498171401703,-5.9572646735093,2697,"gap junction protein alpha 1","Concordant"
"Q13228",1.3903003401496,0.449661539812011,7.04897586409209,8.39376427936073e-07,0.00043395761324295,5.94281561664687,TRUE,"Upregulated","SELENBP1","214433_s_at",-0.327290648995858,7.19769440517761,-0.893237284888799,0.373090569063301,0.64808332832533,-5.98806201754268,8991,"selenium binding protein 1","Discordant"
"P02763",3.3009692480078,-0.147137530625658,6.82076463594136,1.34144499744143e-06,0.000565924666662459,5.50427798780305,TRUE,"Upregulated","ORM1","205041_s_at",-0.771959559188095,3.16611646465981,-1.26743344888596,0.206867824303995,0.480277544462926,-5.59583801427409,5004,"orosomucoid 1","Discordant"
"P17931",1.43481505201203,-0.15161365675396,6.75656853504513,1.53248459057532e-06,0.000565924666662459,5.37949008841659,TRUE,"Upregulated","LGALS3","208949_s_at",0.994634533530917,9.37896036602649,2.69638796929901,0.0077707664868683,0.0685219913525718,-2.90418732067216,3958,"galectin 3","Concordant"
"P17655",1.24039289990217,0.20194162625319,6.49396634690476,2.65706002784146e-06,0.000858562521496272,4.86259976144812,TRUE,"Upregulated","CAPN2","214888_at",1.34418733648524,6.20670776035811,3.00382719300602,0.00310151528693722,0.0372012070387727,-2.09062643406125,824,"calpain 2","Concordant"
"P46976",1.41486379926745,-0.217327608348848,6.28288327908896,4.16253857282004e-06,0.00119557357897109,4.43976637855731,TRUE,"Upregulated","GYG1","211275_s_at",-1.10580339541486,10.4490280351654,-3.22696919692393,0.00152153509190387,0.0227490877646651,-1.45141181720914,2992,"glycogenin 1","Discordant"
"Q15847",1.94008499842141,1.18440133160468,6.121344968207,5.89154315089155e-06,0.00142126223210878,4.11188152046968,TRUE,"Upregulated","ADIRF","203571_s_at",-1.64536538710627,6.52246793693226,-2.68236402312757,0.00808902157410553,0.0702195618939877,-2.93940471174064,10974,"adipogenesis regulatory factor","Discordant"
"Q14956",3.62132493850003,0.07361538374379,6.10922483390298,6.04792439195226e-06,0.00142126223210878,4.08713349174445,TRUE,"Upregulated","GPNMB","201141_at",0.298990111455325,7.56433435269602,0.75566473280631,0.450976936244832,0.70904195157807,-6.09847722306364,10457,"glycoprotein nmb","Concordant"
"O95757",-1.09461074605943,-0.31659123563677,-5.79027768370506,1.21286424368109e-05,0.00244489217323338,3.42875870097172,TRUE,"Downregulated","HSPA4L","1556194_a_at",-0.332364285085663,8.73435029218333,-0.781938407437809,0.435422674494707,0.69820642327537,-6.0788015278341,22824,"heat shock protein family A (Hsp70) member 4 like","Concordant"
"P13796",1.6154338393848,0.431828813758494,5.76838548732267,1.27276715505513e-05,0.00244489217323338,3.3830803624357,TRUE,"Upregulated","LCP1","208885_at",0.0581826697100531,5.77281385724264,0.113655114551415,0.909655691487166,0.964098872085795,-6.3708297331573,3936,"lymphocyte cytosolic protein 1","Concordant"
"O43765",-1.3120084100284,0.286359427955046,-5.70125257632792,1.47605411916962e-05,0.00244489217323338,3.24263096185667,TRUE,"Downregulated","SGTA","201396_s_at",0.238856706390107,7.33465938180916,0.597013069110453,0.551354432774237,0.780650469597279,-6.20308496098851,6449,"small glutamine rich tetratricopeptide repeat co-chaperone alpha","Discordant"
"Q96AQ6",1.61364408861661,0.272048700578919,5.68999145083473,1.51327948826824e-05,0.00244489217323338,3.21901656361716,TRUE,"Upregulated","PBXIP1","212259_s_at",0.978944971418135,6.16255713959928,1.90362193279232,0.0587801803961908,0.239265051861445,-4.62602552667557,57326,"PBX homeobox interacting protein 1","Concordant"
"Q14624",2.34770236002227,-0.0585158061772611,5.65621165454315,1.63081169703979e-05,0.0024788702007994,3.14808749364784,TRUE,"Upregulated","ITIH4","206287_s_at",-0.675000514561412,3.71364380675559,-1.26087193375167,0.209216346599321,0.483458488145999,-5.60386528150198,3700,"inter-alpha-trypsin inhibitor heavy chain 4","Discordant"
"P00738",4.31743161226333,-0.499703222247483,5.60281615586099,1.83597093696023e-05,0.0024788702007994,3.0356880924584,TRUE,"Upregulated","HP","206697_s_at",1.29892186817298,6.20352373974808,2.6172713534964,0.00972586784200137,0.0791656112895205,-3.10067472387378,3240,"haptoglobin","Concordant"
"P00450",1.70139281940213,0.224952913036843,5.59685576696417,1.86045391669617e-05,0.0024788702007994,3.02312005924344,TRUE,"Upregulated","CP","227253_at",2.52222427260444,5.81591297540645,4.44582903814489,1.643335712345e-05,0.000822500131458791,2.71161958927437,1356,"ceruloplasmin","Concordant"
"P50440",0.99080199628566,0.254259128528014,5.5831823992157,1.91788796967072e-05,0.0024788702007994,2.99427255601774,TRUE,"Not Significant","GATM","203178_at",1.75931185960096,9.27081677994741,4.64367243389154,7.16501382590442e-06,0.000424352364088612,3.48615113321362,2628,"glycine amidinotransferase","Concordant"
"P30041",1.39895270540111,0.210324103276088,5.55599540264699,2.03753062343993e-05,0.00250810317218677,2.93684902322395,TRUE,"Upregulated","PRDX6","200845_s_at",2.18230456643967,10.9079674194823,6.04612258721673,1.03382037608626e-08,2.64495333883875e-06,9.64718427433013,9588,"peroxiredoxin 6","Concordant"
"O95817",1.52440248348981,0.464815583507758,5.52483693011642,2.18407347469593e-05,0.00256628633276772,2.87093087168253,TRUE,"Upregulated","BAG3","217911_s_at",1.40992666939392,8.76017827335093,3.14362806954421,0.00199398230208907,0.0275370604131747,-1.69486356817418,9531,"BAG cochaperone 3","Concordant"
"Q96CN7",0.972731110879874,0.870929619835839,5.43409013376343,2.67530104900837e-05,0.00300680574421158,2.6783167195378,TRUE,"Not Significant","ISOC1","218170_at",-0.466766457501022,7.50957972294451,-1.34398268947215,0.180883461502673,0.446678458755326,-5.49917779578635,51015,"isochorismatase domain containing 1","Discordant"
"Q9Y2J2",-1.16343631096849,-0.29678343882975,-5.36166233758603,3.14746408634016e-05,0.00339008110966222,2.52393025076916,TRUE,"Downregulated","EPB41L3","211776_s_at",-1.97150294181145,7.28593999641193,-3.72769221004563,0.000268877744669687,0.00660557639096958,0.126007101858132,23136,"erythrocyte membrane protein band 4.1 like 3","Concordant"
"P19652",2.65056657376944,-0.116673072045305,5.30525376581031,3.57352447019038e-05,0.00368131741032433,2.40330219866854,TRUE,"Upregulated","ORM2","214465_at",0.246620798031814,3.17163660807786,0.498483798308136,0.618837306414462,0.821330324702971,-6.25575414596731,5005,"orosomucoid 2","Concordant"
"Q96HU8",-1.55306186888741,-0.673954706040426,-5.27670959370383,3.81108971271657e-05,0.00368131741032433,2.34213561908578,TRUE,"Downregulated","DIRAS2","219619_at",-0.0680676238191822,11.4412378892056,-0.139793510843669,0.889001438137099,0.955730589214366,-6.36759112465014,54769,"DIRAS family GTPase 2","Concordant"
"P01011",2.68861549731252,-0.147334362079876,5.27120693568475,3.85870633883587e-05,0.00368131741032433,2.33033457291376,TRUE,"Upregulated","SERPINA3","202376_at",2.32259240654257,7.57338866452553,2.82584305123771,0.0053258584406873,0.0534376742671712,-2.57124407236737,12,"serpin family A member 3","Concordant"
"O15061",1.55530081335935,-0.507555512436427,5.2511983719781,4.03701796394407e-05,0.00368131741032433,2.2873983345142,TRUE,"Upregulated","SYNM","212730_at",0.792222576990598,10.72156520977,2.51333273879183,0.0129631649323266,0.0956295181130995,-3.35065985187475,23336,"synemin","Concordant"
"P31146",-1.31067198790258,0.281913015445136,-5.24112859156936,4.1299112146772e-05,0.00368131741032433,2.26577452282223,TRUE,"Downregulated","CORO1A","209083_at",-3.22728400338917,6.73883960637694,-5.89882929998719,2.15899344039981e-08,4.86054957359473e-06,8.95007704449612,11151,"coronin 1A","Concordant"
"Q92947",1.1246444637441,0.15005866233878,5.17820871043667,4.76178169015509e-05,0.00388924298003102,2.13043563076402,TRUE,"Upregulated","GCDH","208369_s_at",-0.635677199907266,5.72474782382498,-1.51625846501962,0.131455034339752,0.375773726377056,-5.2614451221846,2639,"glutaryl-CoA dehydrogenase","Discordant"
"P37802",1.52644795635296,0.0123955803735249,5.1743691437144,4.80338797272564e-05,0.00388924298003102,2.12216449145986,TRUE,"Upregulated","TAGLN2","200916_at",1.44309246355864,5.91487812617939,2.55248305168708,0.011645154905323,0.0891309722677575,-3.25759004190807,8407,"transgelin 2","Concordant"
"Q09666",1.85961368873912,0.437783518270486,5.16790407744119,4.87428268653872e-05,0.00388924298003102,2.10823438631891,TRUE,"Upregulated","AHNAK","211986_at",2.42439465138467,8.14781450767567,4.72533978296475,5.04982159205052e-06,0.00032298992139713,3.81327232651436,79026,"AHNAK nucleoprotein","Concordant"
"Q9UPY8",-0.98796551207316,-0.0933290241183545,-5.15977033847014,4.96499103833747e-05,0.00388924298003102,2.09070324263801,TRUE,"Not Significant","MAPRE3","203842_s_at",-1.36745575731699,5.74838755405036,-2.98694400186622,0.00326816336082224,0.0386343222731892,-2.13734102696997,22924,"microtubule associated protein RP/EB family member 3","Concordant"
"P36959",2.66774489929971,0.086449499260191,5.10273219387567,5.65127304263473e-05,0.00429662965153258,1.967593395259,TRUE,"Upregulated","GMPR","204187_at",0.375553361136356,7.18050952044456,0.916133720037185,0.360994937161295,0.637598325899441,-5.96791458417966,2766,"guanosine monophosphate reductase","Concordant"
"P30626",0.937213984438637,0.100971394229723,5.07644185971062,5.99936711570038e-05,0.00443096114116728,1.91074988827827,TRUE,"Not Significant","SRI","208920_at",0.48712039629953,8.34448648246247,1.41366066213234,0.159431626690958,0.417429268407843,-5.4063847060983,6717,"sorcin","Concordant"
"P31946",-1.0980554742339,0.159244150537711,-5.03549271650832,6.58552685413719e-05,0.00465528663278583,1.82209156915429,TRUE,"Downregulated","YWHAB","217717_s_at",-1.71160260336342,9.31085368563514,-4.54495744487309,1.08754791039892e-05,0.000593219721125711,3.09648679376029,7529,"tyrosine 3-monooxygenase/tryptophan 5-monooxygenase activation protein beta","Concordant"
"Q9H0Q0",-1.16963218484666,-0.0293569013755802,-5.03034165934182,6.66327293667604e-05,0.00465528663278583,1.81092893357432,TRUE,"Downregulated","CYRIA","230276_at",-0.850260246233168,9.08561777525168,-2.12605047954154,0.0350551922889694,0.176486217765751,-4.19913834380187,81553,"CYFIP related Rac1 interactor A","Concordant"
"Q96FW1",-1.30301044132874,-0.0661641751120835,-4.95784831809733,7.86181067193417e-05,0.00534810015446048,1.65359925686595,TRUE,"Downregulated","OTUB1","38710_at",-1.38515608902603,10.6643653611751,-4.39166667028529,2.05360934179555e-05,0.00097186821066514,2.50409523936138,55611,"OTU deubiquitinase, ubiquitin aldehyde binding 1","Concordant"
"Q14CZ8",1.14671669413971,0.13513200030139,4.92768523752235,8.42298420577538e-05,0.00558292671075112,1.58801391631013,TRUE,"Upregulated","HEPACAM","238003_at",-0.66186073945552,10.0251082036556,-1.57469233560709,0.117330594694675,0.35275467091424,-5.17449337746866,220296,"hepatic and glial cell adhesion molecule","Discordant"
"Q9HCJ6",1.53848378165889,-0.527288704758994,4.91406142861315,8.68961854961412e-05,0.00561566598768812,1.5583680157189,TRUE,"Upregulated","VAT1L","226415_at",-0.45286856269162,8.5033510093415,-1.11849344139951,0.265056403805067,0.545759776459644,-5.76797642060038,57687,"vesicle amine transport 1 like","Discordant"
"O60282",-1.26151957167729,-0.310620833579075,-4.83375174616454,0.000104450148410945,0.00654629696482589,1.38333521647359,TRUE,"Downregulated","KIF5C","203129_s_at",-0.261259865397632,10.9396920717778,-0.544379152513741,0.586949142217869,0.802380222516464,-6.23239478187467,3800,"kinesin family member 5C","Concordant"
"P02790",1.82495579942203,0.186459620754563,4.82584796158788,0.000106361498074541,0.00654629696482589,1.36608463421769,TRUE,"Upregulated","HPX","210013_at",0.20744663780852,3.50883190471383,0.425219725459175,0.67125590453655,0.851214238376625,-6.28879505509347,3263,"hemopexin","Concordant"
"Q9UEY8",0.857738726214749,0.0135645723689936,4.78947566866737,0.000115624715705843,0.00667345292352762,1.28664583662199,TRUE,"Not Significant","ADD3","201752_s_at",2.0202407889616,9.91515017923264,5.67044926108888,6.61966638685706e-08,1.15047519159994e-05,7.89072483384071,120,"adducin 3","Concordant"
"Q9UQ03",-1.08292493820595,-0.377684058646615,-4.78814033391278,0.000115979939375192,0.00667345292352762,1.28372776030867,TRUE,"Downregulated","CORO2B","209789_at",-2.0828109967252,9.33042626886342,-6.54388047394682,7.96396207892697e-10,3.08762809799999e-07,12.0781724588021,10391,"coronin 2B","Concordant"
"Q9UD71",1.53284923642684,-0.0788164072721935,4.78741897213868,0.000116172294606864,0.00667345292352762,1.28215133749236,TRUE,"Upregulated","PPP1R1B","225165_at",-0.335364653360072,8.31148132154457,-0.81532749551724,0.416113986115832,0.683132905968805,-6.05283495481458,84152,"protein phosphatase 1 regulatory inhibitor subunit 1B","Discordant"
"Q96HN2",1.16431471669449,0.178956414140365,4.77071771023501,0.000120717275224253,0.00678378600988464,1.24564411537931,TRUE,"Upregulated","AHCYL2","212814_at",0.0925451815297311,8.6630492975836,0.306022814588451,0.759990708677691,0.896824979702286,-6.33137192077947,23382,"adenosylhomocysteinase like 2","Concordant"
"P04792",1.57961873702439,-0.142767900433039,4.75845256305679,0.000124169375439551,0.00682931564917528,1.21882266156737,TRUE,"Upregulated","HSPB1","201841_s_at",-1.98988410336261,8.33775142550396,-3.78538873698832,0.000217643169230642,0.00567362273294888,0.320050169446693,3315,"heat shock protein family B (small) member 1","Discordant"
"Q96G03",1.27907960788848,0.253977525560318,4.73315862704592,0.000131607501521155,0.00708761232150385,1.16348089479019,TRUE,"Upregulated","PGM2","225367_at",-0.503799021995609,8.27175404857906,-1.22975711547245,0.220618728120675,0.497267766021651,-5.64137486677205,55276,"phosphoglucomutase 2","Discordant"
"P07355",2.06948296524967,0.180758693060144,4.71472906839234,0.000137309712930934,0.00724378791686662,1.123134191762,TRUE,"Upregulated","ANXA2","1568126_at",-1.41534383257909,3.14358846213369,-2.24180494610221,0.0263684753463126,0.148974052900964,-3.95940602639577,302,"annexin A2","Discordant"
"P01009",2.92712169872907,-0.172732284363271,4.70444423680942,0.000140599946513725,0.0072690172347596,1.10060976386189,TRUE,"Upregulated","SERPINA1","230318_at",0.876054272801019,4.84024495815567,1.44480616240502,0.150495471486287,0.404669347971637,-5.36342935352869,5265,"serpin family A member 1","Concordant"
"P21810",2.73210785291604,-1.43306526632825,4.687457954312,0.000146209684127199,0.00735484101084984,1.06339578321186,TRUE,"Upregulated","BGN","201262_s_at",0.391819161450345,4.08008572005559,0.632260084880819,0.528132112781844,0.765556129316012,-6.18195312246669,633,"biglycan","Concordant"
"Q92743",1.68874896834571,0.131175222640508,4.67617714993169,0.00015005977677847,0.00735484101084984,1.03867279326807,TRUE,"Upregulated","HTRA1","201185_at",-0.0111445158612327,10.5523396120303,-0.0317997218263951,0.97467196087166,0.989913946223706,-6.37665064821898,5654,"HtrA serine peptidase 1","Discordant"
"P48147",-1.07897825241297,0.0781123371497873,-4.67093658482821,0.000151883084896561,0.00735484101084984,1.02718526165939,TRUE,"Downregulated","PREP","37950_at",-1.05604438397629,7.25157276634792,-3.20236839892187,0.00164886434865812,0.0240533754086015,-1.5238541095374,5550,"prolyl endopeptidase","Concordant"
"Q14195",0.986275121705866,1.0719309785019,4.66435997631809,0.00015420296783155,0.00735484101084984,1.01276701695315,TRUE,"Not Significant","DPYSL3","201431_s_at",1.25406266896377,8.15689418587715,3.87241517758938,0.000157517497771617,0.00449803932305227,0.617392046575068,1809,"dihydropyrimidinase like 3","Concordant"
"P61457",1.21874401654096,0.104606945963887,4.6579848469108,0.000156485978954252,0.00735484101084984,0.998788330761417,TRUE,"Upregulated","PCBD1","203557_s_at",0.387115093250304,5.99013599559048,0.895937190077145,0.371651236986602,0.647078287680945,-5.98571250928575,5092,"pterin-4 alpha-carbinolamine dehydratase 1","Concordant"
"O95299",-1.20403167464618,-0.830954528375046,-4.63122056568895,0.000166449572066215,0.00768343113912796,0.940079989690244,TRUE,"Downregulated","NDUFA10","217860_at",-1.14382547707589,8.92135655628758,-3.09985815378335,0.00229342207733359,0.0304198488459471,-1.82048058770111,4705,"NADH:ubiquinone oxidoreductase subunit A10","Concordant"
"O60861",-1.25439049901794,0.0100282390526273,-4.62006154734764,0.000170790948036014,0.00770882378986344,0.915591868827673,TRUE,"Downregulated","GAS7","202192_s_at",-0.546061348325932,10.453484754274,-2.13371938182569,0.0344115265906947,0.174537119019584,-4.18362554251607,8522,"growth arrest specific 7","Concordant"
"P04083",2.51737846925799,-0.128256604497036,4.60717727847844,0.000175946074894369,0.00770882378986344,0.887310364288333,TRUE,"Upregulated","ANXA1","201012_at",1.23487175144323,5.87648481479254,2.08315737607231,0.0388498145662446,0.187428879482463,-4.28493145656214,301,"annexin A1","Concordant"
"P52306",-1.19012894010259,-0.0668426170921085,-4.58556823150431,0.000184947521824551,0.00774358931632413,0.839860456214043,TRUE,"Downregulated","RAP1GDS1","209444_at",-1.848315129087,9.91361846721967,-5.38123374932096,2.6307554582641e-07,3.35677736334099e-05,6.58864924690078,5910,"Rap1 GTPase-GDP dissociation stimulator 1","Concordant"
"Q12955",-0.868624580943052,-0.179086331334604,-4.58325270049577,0.000185939263298641,0.00774358931632413,0.83477469227489,TRUE,"Not Significant","ANK3","239726_at",0.82783936063922,8.00966458182557,2.16392289507949,0.0319746560867153,0.167817832076074,-4.12201784213782,288,"ankyrin 3","Discordant"
"P05155",2.66195340069784,0.1490373910836,4.57797035292911,0.000188221839445477,0.00774358931632413,0.823171822935228,TRUE,"Upregulated","SERPING1","200986_at",0.0693508845573758,7.47643399500547,0.172888071444498,0.86296100286384,0.945292499194617,-6.36253259295304,710,"serpin family G member 1","Concordant"
"O00330",-1.328479189003,-0.507003205470647,-4.57619165050367,0.000188996792777866,0.00774358931632413,0.819264565710842,TRUE,"Downregulated","PDHX","203067_at",0.114491480360641,9.39360047622788,0.331523733620287,0.740688869497452,0.887597415809722,-6.32342835976,8050,"pyruvate dehydrogenase complex component X","Discordant"
"Q9HAV7",-2.26527974808431,-0.616243933736922,-4.57000479243462,0.000191717491777464,0.00774358931632413,0.805672901361185,TRUE,"Downregulated","GRPEL1","212432_at",-1.43163821126075,7.19280183485775,-3.20576953341547,0.00163068956125511,0.0238989196210581,-1.51386759634297,80273,"GrpE like 1, mitochondrial","Concordant"
"Q6FI13",1.67632351153224,-0.857526232529733,4.54657731898489,0.000202383133251566,0.00803684844911042,0.754191515899024,TRUE,"Upregulated","H2AC18","218279_s_at",0.104202389974295,5.15674059559433,0.235698737319774,0.813972125862423,0.922739746189653,-6.34998870003866,8337,"H2A clustered histone 18","Concordant"
"O75061",-1.00049550153891,-0.074791065507951,-4.53734269822196,0.000206750109960551,0.00803684844911042,0.733892539150486,TRUE,"Downregulated","DNAJC6","204720_s_at",-1.6033370122872,12.1363096753141,-3.71005900360162,0.000286687216678948,0.00693478733636748,0.0671987549620043,9829,"DnaJ heat shock protein family (Hsp40) member C6","Concordant"
"P61981",-1.15256286239412,-0.114983176968624,-4.53097876361638,0.000209814792780223,0.00803684844911042,0.71990179474077,TRUE,"Downregulated","YWHAG","222985_at",-0.337544170386357,13.535019324004,-0.800273960955588,0.424755448823614,0.690404061675186,-6.06467530857628,7532,"tyrosine 3-monooxygenase/tryptophan 5-monooxygenase activation protein gamma","Concordant"
"P15311",0.910178482827802,0.671906410813859,4.52769468987402,0.000211414195179694,0.00803684844911042,0.712681341101968,TRUE,"Not Significant","EZR","208623_s_at",1.94960371203468,8.37402923003451,3.96526620470839,0.000110910793179959,0.00346775117063468,0.940738942997729,7430,"ezrin","Concordant"
"P51452",-1.38297972145457,0.129990279283801,-4.51640610586021,0.000217006346662964,0.008129875451069,0.687858869531374,TRUE,"Downregulated","DUSP3","201538_s_at",0.921971318560657,4.39834619487429,1.58376364956615,0.115249951618324,0.349396259339256,-5.16070939383029,1845,"dual specificity phosphatase 3","Discordant"
"P01024",1.56998742975987,0.438953475535024,4.48917642240467,0.000231117370381505,0.00841860173499738,0.627964656394457,TRUE,"Upregulated","C3","217767_at",-0.556011485242294,8.11649383646027,-1.26708077367659,0.206993561853788,0.480468962306537,-5.59627050990531,718,"complement C3","Discordant"
"Q9UDT6",-0.990858719732357,0.0747094315413373,-4.48897227730801,0.000231226585371301,0.00841860173499738,0.627515523718233,TRUE,"Not Significant","CLIP2","211031_s_at",-1.19451851254057,7.99427571212606,-2.85638114827528,0.00486247587950427,0.0504786090222235,-2.49065116032515,7461,"CAP-Gly domain containing linker protein 2","Concordant"
"P08670",1.84925235040555,0.226645953514154,4.47775052136158,0.000237310821828653,0.00852011770037593,0.602824802181967,TRUE,"Upregulated","VIM","201426_s_at",1.05590909638954,8.73341654664436,2.30214864226179,0.0226341345631164,0.135726712208879,-3.8297134130476,7431,"vimentin","Concordant"
"O43639",-1.53555540555561,-0.907323812003032,-4.43977695713903,0.000259122269289125,0.00917576802893681,0.51924418710658,TRUE,"Downregulated","NCK2","203315_at",0.388405720578845,9.60251458828423,1.54469693867143,0.124423032750658,0.364045869047254,-5.21952569631278,8440,"NCK adaptor protein 2","Discordant"
"Q6ZVM7",-0.702257094636043,0.0808618976659021,-4.43026871473302,0.000264892996137052,0.00925335668938214,0.498309823899944,TRUE,"Not Significant","TOM1L2","237109_at",-0.874646367706442,5.2539302858237,-1.56304045971106,0.120046674165107,0.357149662038578,-5.19208607499793,146691,"target of myb1 like 2 membrane trafficking protein","Concordant"
"P10909",1.20271545103518,0.326244875421216,4.39998606057724,0.00028414911028954,0.00973628115828697,0.431620725263989,TRUE,"Upregulated","CLU","208792_s_at",-0.7092009027703,12.482380537591,-1.79350093175489,0.0748081934493486,0.273559470678709,-4.82073591442765,1191,"clusterin","Discordant"
"Q07866",-0.883859876091258,0.0598771868087888,-4.39680734300597,0.000286250432506696,0.00973628115828697,0.42461920300442,TRUE,"Not Significant","KLC1","212878_s_at",-1.31678932280726,8.35712295044696,-3.03166976266818,0.00284368820284144,0.035171712665377,-2.01307733034662,3831,"kinesin light chain 1","Concordant"
"Q16890",1.22526048768196,0.141466011143266,4.38686442484877,0.000292924829733383,0.00983390499819214,0.402717223744838,TRUE,"Upregulated","TPD52L1","203786_s_at",0.849438098684596,10.4246498581743,2.45708387904166,0.0150900053411287,0.105184060464812,-3.48205577560313,7164,"TPD52 like 1","Concordant"
"Q9Y697",-1.84812460812508,-0.641584091885357,-4.35874349052484,0.000312661880972518,0.0102307716748602,0.340762134795398,TRUE,"Downregulated","NFS1","218455_at",-0.322320033234414,8.00147384268896,-1.49948784963104,0.135745460860816,0.382431915754388,-5.28581132679917,9054,"NFS1 cysteine desulfurase","Concordant"
"P22033",-1.79351702349036,-0.217971795853503,-4.34590126703653,0.00032211521498091,0.0104083478840707,0.312463681929748,TRUE,"Downregulated","MMUT","202960_s_at",-0.934820785372528,10.0507733582499,-3.61591198766728,0.000402239488973125,0.00892169156933339,-0.242835920720711,4594,"methylmalonyl-CoA mutase","Concordant"
"Q16643",-0.878102635343368,-0.161893656701326,-4.32095239870192,0.000341310100270172,0.0107263977490131,0.257480162759022,TRUE,"Not Significant","DBN1","202806_at",-0.847508796496058,9.00419512114051,-3.30213226187594,0.00118691322482527,0.019185892701866,-1.22708960261099,1627,"drebrin 1","Concordant"
"O00505",-1.06881600826299,-0.13285991047706,-4.31706029874753,0.00034440658149636,0.0107263977490131,0.248901770901499,TRUE,"Downregulated","KPNA3","221502_at",-0.632968572146796,10.0232023689828,-1.83900004977048,0.0677950295932395,0.258956975106394,-4.74163182020342,3839,"karyopherin subunit alpha 3","Concordant"
"Q99627",-0.778971969306477,0.155287548058957,-4.3018905276687,0.000356747278351892,0.0109784727921386,0.215465025521833,TRUE,"Not Significant","COPS8","236204_at",-1.16208636912916,6.74979053529409,-2.90462785521042,0.0042049472680959,0.0460025064595836,-2.36173881766504,10920,"COP9 signalosome subunit 8","Concordant"
"O14964",-0.903590797934946,0.0122484827066525,-4.29334293320326,0.000363895555786778,0.0110667060201038,0.196623553369424,TRUE,"Not Significant","HGS","210428_s_at",-1.58031847700618,8.19675789075108,-5.13810126001261,8.09887197412507e-07,8.01947438836695e-05,5.53007203676429,9146,"hepatocyte growth factor-regulated tyrosine kinase substrate","Concordant"
"P09467",1.9162252318481,0.256138102845203,4.27842284346796,0.000376719697392319,0.0113234932297575,0.163733529186826,TRUE,"Upregulated","FBP1","209696_at",0.76617153678655,4.71287476528919,1.42154827453983,0.157131104889954,0.414116545574072,-5.39559244040873,2203,"fructose-bisphosphatase 1","Concordant"
"P63151",-0.900888215639396,0.122628174558401,-4.26788423974648,0.000386050536553375,0.0114705820343733,0.140501036063679,TRUE,"Not Significant","PPP2R2A","202313_at",-0.372327040683365,8.39521807345597,-1.27564245068145,0.203956904538931,0.476548697124226,-5.5857377851779,5520,"protein phosphatase 2 regulatory subunit Balpha","Concordant"
"P07203",1.05680839882998,0.135200545900435,4.25846647335589,0.000394585226818703,0.0115909410377994,0.119738838165548,TRUE,"Upregulated","GPX1","200736_s_at",-1.37853415612796,9.4654727498101,-3.79136291771138,0.000212902110712626,0.00558007242955126,0.340283555185282,2876,"glutathione peroxidase 1","Discordant"
"Q8WUM4",-0.919159807277335,-0.188202614948038,-4.22706120141173,0.000424438840331309,0.0120874348983986,0.0505007982256718,TRUE,"Not Significant","PDCD6IP","217746_s_at",0.532432496007473,8.10637875156445,1.71738171942539,0.0878716062809176,0.300098809881926,-4.94882179199938,10015,"programmed cell death 6 interacting protein","Discordant"
"Q9Y3F4",-0.754603934386389,-0.0489616383236616,-4.22439299163852,0.000427077386550724,0.0120874348983986,0.0446181932049674,TRUE,"Not Significant","STRAP","200870_at",0.24843080421944,10.3944146013638,0.686980420822113,0.493103589933479,0.740529603892533,-6.14675851007546,11171,"serine/threonine kinase receptor associated protein","Discordant"
"Q9NP79",-0.996306152942397,-0.147867541634189,-4.22246344557013,0.000428995730342075,0.0120874348983986,0.0403641181071865,TRUE,"Not Significant","VTA1","237059_at",-0.454317391243396,6.1334919573079,-1.07102732357186,0.285792806607105,0.566108038169633,-5.81839454643155,51534,"vesicle trafficking 1","Concordant"
"Q96CX2",1.18399989127795,-0.504189911298053,4.21975001380971,0.000431708046155721,0.0120874348983986,0.0343818064036592,TRUE,"Upregulated","KCTD12","212188_at",0.585802159388834,9.43356001902692,1.27650519904445,0.203652729344462,0.476257480126682,-5.58467256556946,115207,"potassium channel tetramerization domain containing 12","Concordant"
"P09493",0.855006969567109,0.395890936127435,4.21661114340723,0.000434867096924977,0.0120874348983986,0.0274615293167662,TRUE,"Not Significant","TPM1","210986_s_at",-1.06313317877075,11.0561938690415,-3.01230878166529,0.00302078140409286,0.0365325625482287,-2.06707018734214,7168,"tropomyosin 1","Discordant"
"O75935",-0.757050412752789,0.402845357006623,-4.20992281054824,0.000441676004493636,0.0121459820880743,0.0127157622780247,TRUE,"Not Significant","DCTN3","204246_s_at",-1.5743392702185,9.54582362251241,-4.67592500224888,6.2434871517752e-06,0.000383753653581246,3.61482993736322,11258,"dynactin subunit 3","Concordant"
"P51888",1.67129729652027,-0.597075375723568,4.20537120980583,0.000446370715035611,0.0121459820880743,0.00268088123120958,TRUE,"Upregulated","PRELP","228224_at",0.745403002150152,6.06442077957593,1.47160516505838,0.143119351556381,0.394366542987981,-5.32573965966345,5549,"proline and arginine rich end leucine rich repeat protein","Concordant"
"P68400",-1.00975796199348,0.061182752915771,-4.18353665633702,0.00046959719300016,0.0126448827490147,-0.0454567943676141,TRUE,"Downregulated","CSNK2A1","212072_s_at",-0.638156624953989,9.15146242149969,-2.34865618988897,0.0200809996744986,0.125852084629993,-3.72756569821215,1457,"casein kinase 2 alpha 1","Concordant"
"P40123",-1.07880615881164,-0.335621230481559,-4.17854672252405,0.000475073135412329,0.0126604541756791,-0.0564575972056991,TRUE,"Downregulated","CAP2","212551_at",-1.70277294775495,10.5363614935494,-3.66792025793207,0.000333871588156819,0.00777139649292037,-0.072393746879948,10486,"cyclase associated actin cytoskeleton regulatory protein 2","Concordant"
"O75145",-1.34651675688285,-0.355839692870368,-4.14960484398292,0.000508120028380817,0.0130744408188701,-0.120259476933896,TRUE,"Downregulated","PPFIA3","215280_s_at",-1.33954876425322,8.43055773089841,-4.0496933089873,8.02028849872558e-05,0.00273293673028038,1.24014806078806,8541,"PPFI scaffold protein A3","Concordant"
"P02675",2.27758694339894,0.0396137811474246,4.14673019332277,0.000511525638210898,0.0130744408188701,-0.12659620402931,TRUE,"Upregulated","FGB","216238_s_at",0.974729633924371,3.69382391744681,1.68080494182742,0.0947794918911502,0.31347077700675,-5.00846862345041,2244,"fibrinogen beta chain","Concordant"
"Q15111",-1.338946929679,0.471520925305068,-4.14579995398953,0.000512632586429052,0.0130744408188701,-0.128646756277934,TRUE,"Downregulated","PLCL1","241859_at",0.546662863365729,6.36640379618198,1.74855320314381,0.0823132399993674,0.289549805221114,-4.89701465179156,5334,"phospholipase C like 1 (inactive)","Discordant"
"P06703",1.98721284365054,-0.215369312396517,4.14466065448224,0.000513991577992624,0.0130744408188701,-0.131158133450165,TRUE,"Upregulated","S100A6","228923_at",1.12844104291228,4.25091786266044,2.12916305137878,0.0347927076773933,0.175657343448693,-4.19284852155648,6277,"S100 calcium binding protein A6","Concordant"
"Q9NTK5",-1.07810261047162,0.103563671626418,-4.14306858305387,0.00051589669768849,0.0130744408188701,-0.134667540563846,TRUE,"Downregulated","OLA1","219293_s_at",-1.56460957825915,10.8617811716385,-4.01786233217236,9.06815584088341e-05,0.00298137066233767,1.12666455569903,29789,"Obg like ATPase 1","Concordant"
"Q9Y570",-1.04428127072152,-0.279073951530644,-4.13770524614572,0.000522366831546371,0.013109886015023,-0.14648975449797,TRUE,"Downregulated","PPME1","217841_s_at",-2.07878693542739,9.72888279601813,-5.68140912140729,6.27696207792215e-08,1.10249443233934e-05,7.94094828760064,51400,"protein phosphatase methylesterase 1","Concordant"
"Q9HA64",0.852805731978278,0.398576174205245,4.11708134682898,0.000548012974846342,0.0133016224796255,-0.191947012487184,TRUE,"Not Significant","FN3KRP","218210_at",-0.274295741798666,8.49896810591618,-0.89462923990184,0.372348076659391,0.647418339659501,-5.98685158843417,79672,"fructosamine 3 kinase related protein","Discordant"
"Q9BW62",-1.22919685583138,0.641745345452388,-4.11506313721111,0.000550589402444847,0.0133016224796255,-0.19639505031113,TRUE,"Downregulated","KATNAL1","227713_at",-0.0909390641320709,9.34015929187085,-0.35397931085376,0.723826998797212,0.87933545424037,-6.31590803925818,84056,"katanin catalytic subunit A1 like 1","Concordant"
"P35270",1.14916765835816,-0.106782970232483,4.10960532912633,0.000557617691918768,0.0133466827186112,-0.208423494876206,TRUE,"Upregulated","SPR","203458_at",1.04080936326759,6.63732557522015,2.20716980662186,0.0287460395152089,0.157303931123817,-4.0323877478753,6697,"sepiapterin reductase","Concordant"
"O14531",-0.663499959554493,0.577672602311625,-4.09356138769181,0.000578802604955546,0.0137266489340375,-0.243779911933187,TRUE,"Not Significant","DPYSL4","205493_s_at",-1.93698281263373,9.3688737256747,-6.06294953415837,9.49772832410571e-09,2.50625657205891e-06,9.72749456976813,10570,"dihydropyrimidinase like 4","Concordant"
"P60981",-1.08568570016344,-0.437117592874151,-4.08173081093055,0.000594938320676886,0.0139086290975191,-0.269848319439769,TRUE,"Downregulated","DSTN","201022_s_at",-0.848988937850235,11.882715266734,-2.05349079622964,0.0416758870455472,0.195486866727094,-4.3433026566276,11034,"destrin, actin depolymerizing factor","Concordant"
"Q9BX66",1.06106595414207,-0.229467704259949,4.07922661938864,0.000598411083893049,0.0139086290975191,-0.275365904344389,TRUE,"Upregulated","SORBS1","222513_s_at",2.46036483379313,8.70917553821837,8.52021138451546,1.20037668176994e-14,5.50001683071698e-11,22.6440324480139,10580,"sorbin and SH3 domain containing 1","Concordant"
"P19021",0.995094675891342,0.646930548565465,4.07392311390824,0.000605832978477255,0.0139086290975191,-0.287050911763023,TRUE,"Not Significant","PAM","202336_s_at",-2.0699623752965,12.1255957570488,-5.19122612648196,6.35272443549036e-07,6.5343604953704e-05,5.75846928600053,5066,"peptidylglycine alpha-amidating monooxygenase","Discordant"
"Q13126",0.897820837431097,0.0776810820929092,4.06986248277775,0.000611577734439346,0.0139086290975191,-0.295997148043443,TRUE,"Not Significant","MTAP","231984_at",1.45390628230053,6.36735474975523,3.09043275533169,0.00236312006446051,0.030952082736194,-1.8473278055247,4507,"methylthioadenosine phosphorylase","Concordant"
"Q9Y6E2",-1.6349996368865,-0.0880647777832432,-4.06859739802156,0.000613378613971828,0.0139086290975191,-0.29878426555678,TRUE,"Downregulated","BZW2","217809_at",-0.463454799618454,9.43405468532828,-1.84672826422824,0.0666598362609838,0.256566763096257,-4.72800721255692,28969,"basic leucine zipper and W2 domains 2","Concordant"
"Q7L5N1",-1.07987303469217,0.314151844788274,-4.05821421117986,0.000628361157192554,0.0140027033736444,-0.321658206850285,TRUE,"Downregulated","COPS6","201405_s_at",-0.838764212120823,9.01961855775345,-2.82578999605489,0.0053266973972395,0.0534376742671712,-2.57138341135913,10980,"COP9 signalosome subunit 6","Concordant"
"Q93009",-0.992743928838081,-0.231478550162228,-4.04392863462576,0.000649574601460936,0.0142344001900681,-0.353124914698946,TRUE,"Not Significant","USP7","222032_s_at",-0.465126618379423,7.60594759395815,-1.69737858060973,0.0915968018783695,0.307505060931409,-4.98159471770561,7874,"ubiquitin specific peptidase 7","Concordant"
"P00367",0.85175898662917,0.666551483451641,4.04325679005319,0.00065058970230897,0.0142344001900681,-0.354604656784275,TRUE,"Not Significant","GLUD1","200947_s_at",-0.19200373893316,8.93261798579833,-0.552272889693227,0.58154291005286,0.798947500921305,-6.22817065736626,2746,"glutamate dehydrogenase 1","Discordant"
"P13693",-1.00716259332409,0.249672257470784,-4.04016737579807,0.000655277997144334,0.0142344001900681,-0.361408963566762,TRUE,"Downregulated","TPT1","216520_s_at",0.319037713518972,10.5119938208558,0.713987157618989,0.476290050184669,0.728764262882742,-6.12831904281698,7178,"tumor protein, translationally-controlled 1","Discordant"
"Q14203",-0.882282637208847,0.129321037898516,-4.02940682078342,0.000671872725280273,0.0144732582904125,-0.385106681348978,TRUE,"Not Significant","DCTN1","201082_s_at",-2.94687309296638,7.0449320427302,-5.62677584243562,8.17641687997464e-08,1.37366529055867e-05,7.69121953408144,1639,"dynactin subunit 1","Concordant"
"P24534",-1.18271149675415,-0.133250994277336,-4.02241100716856,0.000682886153295069,0.0145889314567583,-0.400511699194844,TRUE,"Downregulated","EEF1B2","200705_s_at",0.310539918825079,9.7261244815849,1.03510895887053,0.302201980815463,0.582917217422523,-5.8551151064573,1933,"eukaryotic translation elongation factor 1 beta 2","Discordant"
"P22234",0.846383986294538,0.509276520786958,4.01788494549695,0.000690107395924684,0.0146223575284042,-0.410477497177813,TRUE,"Not Significant","PAICS","201014_s_at",0.680664679484226,6.27151610156005,1.38645398068677,0.167564390568802,0.428744687230083,-5.44316127214051,10606,"phosphoribosylaminoimidazole carboxylase and phosphoribosylaminoimidazolesuccinocarboxamide synthase","Concordant"
"O14495",0.924807718616258,-0.0540019132675579,3.99944211231913,0.000720329838834485,0.0149116457942093,-0.451079852975669,TRUE,"Not Significant","PLPP3","212226_s_at",0.907395838466908,9.46388428922043,2.16530632970771,0.0318667078106861,0.167425616633628,-4.11917646004414,8613,"phospholipid phosphatase 3","Concordant"
"P10515",-1.30641488948848,-0.759301444301311,-3.99833530920091,0.000722185047584506,0.0149116457942093,-0.453516169256819,TRUE,"Downregulated","DLAT","212568_s_at",0.69413658547473,6.62734764428379,1.73792499636894,0.084175168240887,0.293051920598808,-4.91477944059496,1737,"dihydrolipoamide S-acetyltransferase","Discordant"
"P49588",-0.980670203794788,-0.299746615521892,-3.99650208525711,0.000725268375508615,0.0149116457942093,-0.457551409751275,TRUE,"Not Significant","AARS1","201000_at",-0.951958601144336,9.59375421625023,-2.62794456858825,0.00943854017311947,0.0776292205067549,-3.07447925207572,16,"alanyl-tRNA synthetase 1","Concordant"
"Q92696",-1.12357092229686,-0.122425840043775,-3.99541292723665,0.000727106468632277,0.0149116457942093,-0.459948781595778,TRUE,"Downregulated","RABGGTA","203573_s_at",-1.18476709200926,6.47311170919503,-2.80590754251946,0.00564971494197448,0.0554329508228324,-2.6234347235238,5875,"Rab geranylgeranyltransferase subunit alpha","Concordant"
"Q8WY54",-1.55612755169597,-0.493542706427048,-3.98972242645375,0.000736785820057159,0.0149116457942093,-0.472473642046591,TRUE,"Downregulated","PPM1E","236302_at",-1.51308824623001,9.99725263142996,-3.18756941134772,0.00173015831003204,0.0248992098616186,-1.56719938727656,22843,"protein phosphatase, Mg2+/Mn2+ dependent 1E","Concordant"
"Q9NSD9",-1.12638137935519,-0.449316834994224,-3.98568642560938,0.000743728800482938,0.0149116457942093,-0.481356268702573,TRUE,"Downregulated","FARSB","223035_s_at",-0.895959141918173,9.68342676699151,-2.87668617747917,0.00457507374609213,0.0484715714837057,-2.43663342071205,10056,"phenylalanyl-tRNA synthetase subunit beta","Concordant"
"Q8IW45",0.869586232778036,0.336006193952959,3.98544848269078,0.000744140157622048,0.0149116457942093,-0.481879927680457,TRUE,"Not Significant","NAXD","217940_s_at",-0.931690936975588,9.6610673854059,-2.52612116691744,0.0125186754986575,0.0934054424585987,-3.32040415879927,55739,"NAD(P)HX dehydratase","Discordant"
"O43676",-0.900384733626373,-0.466401897589266,-3.9536287019964,0.000801246816024916,0.0159324847648031,-0.551889750106497,TRUE,"Not Significant","NDUFB3","203371_s_at",-0.0385071625476634,9.25375466277242,-0.150514952846988,0.880550612837937,0.951985916421306,-6.36606956601718,4709,"NADH:ubiquinone oxidoreductase subunit B3","Concordant"
"P08246",2.16323414781969,-0.279885785398043,3.94791145593702,0.000811961482140072,0.0159812325048853,-0.564464743341867,TRUE,"Upregulated","ELANE","206871_at",-1.25543703982129,3.60310192714138,-2.26195576430531,0.0250656584666749,0.144480129503532,-3.91645544578148,1991,"elastase, neutrophil expressed","Discordant"
"O14773",0.848627819507004,0.364243639675427,3.9457428515561,0.000816062936419676,0.0159812325048853,-0.569234211433273,TRUE,"Not Significant","TPP1","200743_s_at",-0.845305175414371,10.3982365664271,-2.88736045676846,0.00443029683222127,0.0475189169271726,-2.40809879761785,1200,"tripeptidyl peptidase 1","Discordant"
"Q8WVM8",-0.816420635641611,0.0560582598792132,-3.94223476336144,0.000822741533192218,0.0159908786714427,-0.576949235289186,TRUE,"Not Significant","SCFD1","233229_at",0.445526530541958,5.99758771524915,0.868825283336679,0.386262436863047,0.659820812754938,-6.00898713358249,23256,"sec1 family domain containing 1","Discordant"
"P05091",0.811366347605882,0.254619460387339,3.91442393899478,0.000877652155906392,0.0169308270374479,-0.638092548373326,TRUE,"Not Significant","ALDH2","201425_at",-0.16961518358208,10.7553012498085,-0.597423004291927,0.551081463107483,0.780591457150153,-6.20284612205319,217,"aldehyde dehydrogenase 2 family member","Discordant"
"Q86YM7",-1.07077680382873,-0.146185561924834,-3.89179008707687,0.000925025676610845,0.0177125286965854,-0.687828080633096,TRUE,"Downregulated","HOMER1","213793_s_at",-0.529379115177479,10.8463594309714,-1.447205332705,0.149823429715668,0.403983023812292,-5.3600826612098,9456,"homer scaffold protein 1","Concordant"
"Q9HC36",-1.36879328698044,-0.295899794319778,-3.88370695183369,0.000942554238539359,0.0178057649931833,-0.705583879145404,TRUE,"Downregulated","MRM3","218993_at",-1.06621826766301,8.19953347199018,-3.54710483770478,0.000513117882798598,0.0105946966042328,-0.465175300522542,55178,"mitochondrial rRNA methyltransferase 3","Concordant"
"P60903",2.10646086589196,-0.0883963794282995,3.88319700488019,0.00094367110408747,0.0178057649931833,-0.706703942267789,TRUE,"Upregulated","S100A10","238909_at",1.47966951562114,4.35578137402505,2.65209925295188,0.00881631591685304,0.0743683913849891,-3.01483653882418,6281,"S100 calcium binding protein A10","Concordant"
"P50583",-1.09986314052007,0.00528146107145991,-3.87771083693849,0.000955770365344805,0.0178515272998533,-0.718753086852076,TRUE,"Downregulated","NUDT2","218609_s_at",-1.86721615097094,5.90859798888163,-3.67359115784814,0.000327119596990198,0.0076471033431832,-0.0536855396121858,318,"nudix hydrolase 2","Concordant"
"Q9H492",-0.749694306553836,0.358377947564591,-3.87585054589481,0.000959908044363485,0.0178515272998533,-0.72283844814918,TRUE,"Not Significant","MAP1LC3A","232011_s_at",-1.15996399613068,5.97802624854588,-2.58244782232033,0.010718864915456,0.0844655269862252,-3.18546426985161,84557,"microtubule associated protein 1 light chain 3 alpha","Concordant"
"P01023",1.21809102998728,0.701036841887016,3.86066675823129,0.000994353640812984,0.0181634030698282,-0.756176518106934,TRUE,"Upregulated","A2M","1558450_at",1.21456635870855,5.77135874147047,3.07065273209245,0.00251579689589294,0.0323466018749745,-1.90343434276968,2,"alpha-2-macroglobulin","Concordant"
"Q92945",0.700435806189014,-0.409138391119341,3.85930211865631,0.000997509041790343,0.0181634030698282,-0.75917216025015,TRUE,"Not Significant","KHSRP","204372_s_at",-0.559599929724467,9.13687830376699,-2.00013683142763,0.047201401127075,0.210507596389124,-4.44628454424182,8570,"KH-type splicing regulatory protein","Discordant"
"Q15049",1.12615518597506,-0.248255719828454,3.85919483219656,0.000997757538071801,0.0181634030698282,-0.75940766999788,TRUE,"Upregulated","MLC1","213395_at",0.628402970791329,7.44250850191693,1.51755873649634,0.131126869455267,0.375212455952145,-5.25954495666607,23209,"modulator of VRAC current 1","Concordant"
"P02671",2.64518968343107,-0.0011556768636088,3.84416713139649,0.0010331802694878,0.0185470208099025,-0.792389357413102,TRUE,"Upregulated","FGA","205650_s_at",1.03656222004914,4.02881126374976,1.70129120931126,0.0908582389743762,0.306269803541167,-4.97521339176728,2243,"fibrinogen alpha chain","Concordant"
"Q16849",0.812836477589147,1.05656202623961,3.83436860209834,0.00105694804456174,0.0188428323806352,-0.813887478583197,TRUE,"Not Significant","PTPRN","204945_at",-1.4008486203517,7.52539466919794,-4.56746562447238,9.89375694129336e-06,0.000549179783698377,3.1847765546629,5798,"protein tyrosine phosphatase receptor type N","Discordant"
"P61764",-1.23322352028495,-0.234441841474808,-3.82520308528956,0.00107967232221752,0.0191161161159746,-0.833991613704504,TRUE,"Downregulated","STXBP1","202260_s_at",-2.25813882629296,12.8475831177573,-5.29203634663581,3.98945423105328e-07,4.65445561803973e-05,6.19636882584477,6812,"syntaxin binding protein 1","Concordant"
"O75131",0.86448433070226,0.368152706026262,3.81269426459035,0.00111147161112929,0.0195452660868654,-0.861420856212063,TRUE,"Not Significant","CPNE3","202118_s_at",1.144581814485,7.68231346528129,2.43737747112429,0.0159054535947468,0.108919941118048,-3.52743955162613,8895,"copine 3","Concordant"
"O43426",-0.896296877982495,0.299978284556309,-3.79744452258588,0.00115150052653078,0.0200263830244732,-0.894846996882469,TRUE,"Not Significant","SYNJ1","212990_at",-1.13202995566016,10.7455509126453,-2.40965157909142,0.0171189370055177,0.114446417829301,-3.59071928035002,8867,"synaptojanin 1","Concordant"
"P14625",-0.949337517421483,-0.116140071408344,-3.79638833526976,0.0011543253658207,0.0200263830244732,-0.897161511359356,TRUE,"Not Significant","HSP90B1","200598_s_at",0.598230481266707,8.59560625550089,1.78776867020285,0.0757327550422261,0.275496686169848,-4.83056721606098,7184,"heat shock protein 90 beta family member 1","Discordant"
"O60268",-1.33908367975941,-0.481163140521757,-3.7869423916881,0.00117989725261926,0.0203335626534719,-0.917857931232663,TRUE,"Downregulated","KIAA0513","204546_at",-0.836254232213678,10.5488771385785,-2.45808931758557,0.0150494153244859,0.104983471525178,-3.47973119707126,9764,"KIAA0513","Concordant"
"P02679",2.4382121025776,-0.172493469888301,3.76732972021778,0.00123480325641205,0.0209569039230197,-0.960810617422343,TRUE,"Upregulated","FGG","219612_s_at",0.981544296207873,3.58420888488172,1.60219982391299,0.111111661833145,0.342369558479692,-5.13245932360181,2266,"fibrinogen gamma chain","Concordant"
"Q06830",0.87954768323951,0.566789945184437,3.76721129126295,0.00123514239012988,0.0209569039230197,-0.961069900840918,TRUE,"Not Significant","PRDX1","208680_at",-0.190074638648202,9.98039264331272,-0.485483046041282,0.628007224877038,0.825973774195344,-6.26199867522968,5052,"peroxiredoxin 1","Discordant"
"Q8WUX9",-1.27163509679488,-0.0865940156969028,-3.76538312458424,0.00124038928441857,0.0209569039230197,-0.965072286163768,TRUE,"Downregulated","CHMP7","212313_at",0.0279906180720726,8.39120903206775,0.09916321034978,0.921134566881288,0.968966737740985,-6.37233751249999,91782,"charged multivesicular body protein 7","Discordant"
"P22676",1.41941352772618,-0.806264644847086,3.76083768689909,0.00125353093309339,0.0210098537587746,-0.97502252677297,TRUE,"Upregulated","CALB2","205428_s_at",-0.888370627268305,7.35598349139385,-2.20513549422564,0.028891306527087,0.157762810430305,-4.03664122794724,794,"calbindin 2","Discordant"
"P43034",-0.863523821416875,0.198840142345734,-3.75869335350543,0.00125977846522633,0.0210098537587746,-0.979716086644295,TRUE,"Not Significant","PAFAH1B1","200816_s_at",-0.886010402361013,10.9855044018272,-2.04279153134238,0.0427373534404496,0.19885573769868,-4.36415986003754,5048,"platelet activating factor acetylhydrolase 1b regulatory subunit 1","Concordant"
"O94811",-0.795147595221852,0.627217934944213,-3.74950865534878,0.00128688972595558,0.0213244227025332,-0.999815939329828,TRUE,"Not Significant","TPPP","227643_at",-0.967581469883505,6.38763143767153,-2.48517288790211,0.0139919490230981,0.100228570595959,-3.41678346821971,11076,"tubulin polymerization promoting protein","Concordant"
"P12109",1.68892997777082,-0.983100337945729,3.73220985241884,0.00133953377727421,0.0219664563816788,-1.03765563144283,TRUE,"Upregulated","COL6A1","212091_s_at",-1.73450937760573,3.24693488234206,-3.97828211989091,0.000105537957038686,0.0033580925332745,0.986564684234292,1291,"collagen type VI alpha 1 chain","Discordant"
"P09038",1.32757985888367,0.234115802075471,3.73041277533307,0.00134512369600407,0.0219664563816788,-1.04158527629842,TRUE,"Upregulated","FGF2","204422_s_at",2.49223431893818,6.72212047197645,5.61891758517623,8.49222874687779e-08,1.39894934416624e-05,7.65542911629087,2247,"fibroblast growth factor 2","Concordant"
"O43432",-1.29319445159922,-0.307130362936057,-3.72849062776738,0.00135112826486922,0.0219664563816788,-1.04578813329667,TRUE,"Downregulated","EIF4G3","201936_s_at",-1.05354963610414,9.6587236927644,-3.38791835464036,0.000889347908692177,0.0156223343502487,-0.965603304332033,8672,"eukaryotic translation initiation factor 4 gamma 3","Concordant"
"Q9BS26",-0.935976744972855,-0.497125872731407,-3.70814521375934,0.00141633769753105,0.0227681025735194,-1.09025630173159,TRUE,"Not Significant","ERP44","208957_at",0.70233425106217,6.82831103933684,2.69161185471364,0.00787785942543943,0.0691366869060722,-2.91620001414563,23071,"endoplasmic reticulum protein 44","Discordant"
"O00233",0.923649025019607,0.299180828852624,3.70762295605257,0.00141805203649386,0.0227681025735194,-1.09139734059942,TRUE,"Not Significant","PSMD9","207805_s_at",-0.0166683855295791,7.96816958056881,-0.0534208251585697,0.957464194555373,0.983495075504623,-6.37574979878096,5715,"proteasome 26S subunit, non-ATPase 9","Discordant"
"Q9NQ88",-1.40886471837222,0.130203715257541,-3.6913293534909,0.00147258208749944,0.0234976833097905,-1.12698456691977,TRUE,"Downregulated","TIGAR","219099_at",-0.36053848905531,7.05486699306121,-0.869216320238512,0.386049213409792,0.659702529499794,-6.00865647430991,57103,"TP53 induced glycolysis regulatory phosphatase","Concordant"
"Q9Y5Z4",1.12922847313928,0.276479895406877,3.68107793427644,0.00150795026432716,0.0237686063005227,-1.1493634166297,TRUE,"Upregulated","HEBP2","203430_at",0.864760350030575,7.22382589229974,2.1438938114527,0.0335733193738855,0.172297003336035,-4.16296329378688,23593,"heme binding protein 2","Concordant"
"Q7Z460",-1.1378241321079,-0.364293974387489,-3.67551938444383,0.00152747817256183,0.0239304913701354,-1.16149392758238,TRUE,"Downregulated","CLASP1","240757_at",-0.665153417993936,5.28278800809307,-1.2372684335535,0.21782575799822,0.493865768280174,-5.63240391737341,23332,"cytoplasmic linker associated protein 1","Concordant"
"O75367",1.17947794256294,-1.09453894218773,3.66318474214891,0.00157171031886551,0.0244751275558273,-1.1884022629856,TRUE,"Upregulated","MACROH2A1","214501_s_at",-1.71855522509771,9.53068109361654,-4.37573108148859,2.19198637335487e-05,0.0010210564251706,2.44341282976436,9555,"macroH2A.1 histone","Discordant"
"P06756",0.878870636026379,-0.283541222480639,3.64237516204421,0.00164922549855493,0.0252740212305877,-1.2337675805519,TRUE,"Not Significant","ITGAV","202351_at",1.26049703068507,9.94116098647148,3.23590441082625,0.00147759675657406,0.0222637829979339,-1.42498041922298,3685,"integrin subunit alpha V","Concordant"
"P52758",0.778230359945369,0.350780152791405,3.64155833130449,0.00165234413461096,0.0252740212305877,-1.23554746757736,TRUE,"Not Significant","RIDA","203790_s_at",0.293242363107367,7.2544834065783,0.594193867835907,0.553233512022133,0.781883299854958,-6.20472308114597,10247,"reactive intermediate imine deaminase A","Concordant"
"Q8N1G4",-0.904808140427994,-0.100877629100019,-3.63745640765098,0.00166809359402905,0.0253648349445005,-1.24448466943897,TRUE,"Not Significant","LRRC47","212904_at",-1.06406333620497,10.4568603118511,-2.86769424409593,0.00470037569057053,0.0492905800489599,-2.46059717063106,57470,"leucine rich repeat containing 47","Concordant"
"P31949",0.994085590882703,0.132709609978981,3.6291785308642,0.00170033036058119,0.0255420638691625,-1.2625154770242,TRUE,"Not Significant","S100A11","200660_at",-0.691935998691303,4.75569097658083,-1.24511829355112,0.214934422310287,0.490489654763121,-5.62297142081334,6282,"S100 calcium binding protein A11","Discordant"
"Q9Y2I1",-1.47017348766024,0.207743909231754,-3.62816307863835,0.00170432705431709,0.0255420638691625,-1.26472687285641,TRUE,"Downregulated","NISCH","201591_s_at",-1.57413313948691,12.0132332682486,-4.82749406300251,3.2411522804925e-06,0.000233629663498596,4.22840748496048,11188,"nischarin","Concordant"
"O00429",-0.942659603279461,-0.346614798038386,-3.62687971480863,0.00170939150845846,0.0255420638691625,-1.26752156873571,TRUE,"Not Significant","DNM1L","226154_at",-1.35866027756746,10.9449235950647,-3.44052575287519,0.000743072577999358,0.0137690236205731,-0.802396947070799,10059,"dynamin 1 like","Concordant"
"P54577",-1.09781445077084,0.159776675427383,-3.62403085853975,0.00172068701075015,0.0255630800160296,-1.27372476035259,TRUE,"Downregulated","YARS1","212048_s_at",-1.38743745648973,9.96653837923648,-3.94084975603997,0.000121699884186857,0.00372196350904235,0.855104487381923,8565,"tyrosyl-tRNA synthetase 1","Concordant"
"Q9Y6C9",1.00041364874964,-0.98786372047602,3.6201052902032,0.00173637260882504,0.0256487039646442,-1.28227111866532,TRUE,"Upregulated","MTCH2","222403_at",-0.696394277146665,8.09064133278675,-2.28841166934024,0.023440831604837,0.138791965009832,-3.85952029625998,23788,"mitochondrial carrier 2","Discordant"
"P25787",0.777949547159201,0.367638640024587,3.6016303923262,0.00181211269205778,0.0263134010172928,-1.32247225130279,TRUE,"Not Significant","PSMA2","201316_at",-0.455592478364398,8.65625753413539,-1.46383742996244,0.145227919549073,0.397244783088723,-5.33673340993405,5683,"proteasome 20S subunit alpha 2","Discordant"
"Q05639",-0.892532340471133,-0.260302611907766,-3.59709887549285,0.00183118337778251,0.0263134010172928,-1.33232749493448,TRUE,"Not Significant","EEF1A2","204540_at",-3.1737335940293,8.70418074508745,-6.82227694875455,1.81152349329239e-10,1.0494551216716e-07,13.4847077661096,1917,"eukaryotic translation elongation factor 1 alpha 2","Concordant"
"P21397",0.934457612100951,0.159423705168126,3.59702454138717,0.0018314978570446,0.0263134010172928,-1.33248914081367,TRUE,"Not Significant","MAOA","212741_at",1.09425654550538,8.32030677607479,3.4233814984321,0.000788063833345382,0.014333888583342,-0.855821326282574,4128,"monoamine oxidase A","Concordant"
"Q04637",-0.823584176919219,-0.145304720210402,-3.59447200073931,0.00184232912078437,0.0263134010172928,-1.33803951304342,TRUE,"Not Significant","EIF4G1","208624_s_at",0.120247350800351,8.16272949785968,0.34790804793808,0.728372975133247,0.88151881634749,-6.3179898126614,1981,"eukaryotic translation initiation factor 4 gamma 1","Discordant"
"P20618",0.713948639116288,0.44167922192232,3.5933144789684,0.0018472616972961,0.0263134010172928,-1.34055626420618,TRUE,"Not Significant","PSMB1","200876_s_at",-0.359260381652277,9.08745795944469,-0.83268856785299,0.406279085967725,0.675715160106234,-6.03890802660372,5689,"proteasome 20S subunit beta 1","Discordant"
"Q9Y2J0",-1.27366868802905,-1.04519904726764,-3.59232253000896,0.00185149909399408,0.0263134010172928,-1.34271290670632,TRUE,"Downregulated","RPH3A","205230_at",-1.95529097492474,8.8567117102227,-4.77217659207288,4.12407579430495e-06,0.000279378419501027,4.00279310304187,22895,"rabphilin 3A","Concordant"
"O00139",-0.845148786028777,-0.0464112787362523,-3.59205903558748,0.00185262629986355,0.0263134010172928,-1.34328576502862,TRUE,"Not Significant","KIF2A","203086_at",0.717822667804642,6.63287421747271,1.73071869825625,0.0854570913664369,0.295697024712329,-4.92676535654684,3796,"kinesin family member 2A","Discordant"
"P28482",0.66839436251727,0.635323280687765,3.5827905349184,0.00189271036601576,0.0267358267549221,-1.36343161854226,TRUE,"Not Significant","MAPK1","212271_at",-0.792941302750329,9.28763846554153,-2.21101765080485,0.0284730066487754,0.156444784487619,-4.02433234760792,5594,"mitogen-activated protein kinase 1","Discordant"
"Q02156",-0.663127963636419,-0.282011632134186,-3.57601777251385,0.00192254145079466,0.0269169468944141,-1.3781470366744,TRUE,"Not Significant","PRKCE","226101_at",-1.03908581570421,9.26092303092455,-2.68881592558467,0.00794116902709306,0.0694143010985982,-2.92322323450233,5581,"protein kinase C epsilon","Concordant"
"P26038",1.14084922859151,0.267728662863855,3.57515879416211,0.00192635790153447,0.0269169468944141,-1.38001301891506,TRUE,"Upregulated","MSN","200600_at",2.30961262445301,7.23473281454587,5.71629466210831,5.29766526810408e-08,9.70936826100778e-06,8.10122893475654,4478,"moesin","Concordant"
"Q9NP81",-1.61441076452282,-0.72990715631612,-3.56547032995934,0.00196992527521241,0.0273777249270112,-1.40105401906247,TRUE,"Downregulated","SARS2","218702_at",-0.637295574835377,6.73433056506513,-1.56938824305378,0.118560891724203,0.354613227926625,-5.18251750214895,54938,"seryl-tRNA synthetase 2, mitochondrial","Concordant"
"P04179",1.02733459192698,0.0145431950119868,3.55520595836418,0.00201714364562167,0.0278840445130054,-1.42333455269851,TRUE,"Upregulated","SOD2","215078_at",1.59659582613412,3.74077966150222,2.3792636898005,0.0185424670078001,0.120068155372623,-3.65930341071015,6648,"superoxide dismutase 2","Concordant"
"P61601",-1.05143322306696,0.222783789360117,-3.54940935103786,0.00204430099234951,0.0281022997233757,-1.43591188687202,TRUE,"Downregulated","NCALD","210387_at",0.452009396663393,4.11827070845225,0.811873353605757,0.418087516779507,0.684954732529777,-6.05557114913175,83988,"neurocalcin delta","Discordant"
"P54578",-0.876934287687008,0.11367070496494,-3.54403562085672,0.00206979920581421,0.0281022997233757,-1.4475682957449,TRUE,"Not Significant","USP14","226567_at",-1.08196838135374,9.65406265201437,-4.03120333972695,8.6139922365156e-05,0.0028809145501833,1.17413978883502,9097,"ubiquitin specific peptidase 14","Concordant"
"P07900",-0.776366231805458,-0.136263280635449,-3.54292190453414,0.00207512287992383,0.0281022997233757,-1.44998370031609,TRUE,"Not Significant","HSP90AA1","214328_s_at",-0.623545095875789,14.3399454905099,-2.36307705189198,0.0193426279297208,0.123138536097747,-3.6955059724614,3320,"heat shock protein 90 alpha family class A member 1","Concordant"
"Q9UBQ0",-1.02642230330746,-0.120369524320593,-3.54147407407967,0.00208206384988165,0.0281022997233757,-1.4531235134252,TRUE,"Downregulated","VPS29","1554388_at",0.673766086541297,6.07961982750779,1.56179969715994,0.1203388035452,0.35763877808135,-5.19395199702114,51699,"VPS29 retromer complex component","Discordant"
"Q99961",-0.957964649086462,-0.0649543677095234,-3.53940096653264,0.00209204231633203,0.0281022997233757,-1.45761890639195,TRUE,"Not Significant","SH3GL1","201851_at",-1.79634708524425,7.83651571628061,-5.81763948727594,3.22512941842701e-08,6.56416107605663e-06,8.57042408610194,6455,"SH3 domain containing GRB2 like 1, endophilin A2","Concordant"
"Q96FC7",-0.960537231813743,-0.0369628608391098,-3.53813476552148,0.00209816009540097,0.0281022997233757,-1.4603643352134,TRUE,"Not Significant","PHYHIPL","226623_at",-0.245518146056586,9.0605291329503,-0.696661254877747,0.487039952453326,0.736521230632115,-6.14022992497595,84457,"phytanoyl-CoA 2-hydroxylase interacting protein like","Concordant"
"Q01995",1.61175549896566,-0.454714329806276,3.52377675820413,0.00216877867235272,0.0288984168455246,-1.49148297418182,TRUE,"Upregulated","TAGLN","1555724_s_at",-0.373453680552703,4.48330027824468,-0.59403485290543,0.553339594409041,0.78194746678434,-6.20481524813846,6876,"transgelin","Discordant"
"Q13367",-0.87306794698306,-0.277466454916188,-3.51460181347518,0.0022151265854532,0.0293646267866488,-1.51135549548289,TRUE,"Not Significant","AP3B2","205678_at",-1.39484798637832,7.98470612204502,-3.4238703331177,0.000786746389844037,0.0143150919835846,-0.854301203502395,8120,"adaptor related protein complex 3 subunit beta 2","Concordant"
"Q9NPH2",1.21364545842753,0.288165642036505,3.50496202626218,0.00226487431511901,0.0297469105157262,-1.53222399208033,TRUE,"Upregulated","ISYNA1","222240_s_at",-1.08983291030543,5.7346881421825,-2.08348730650936,0.0388193326383696,0.187335617034323,-4.28427784414319,51477,"inositol-3-phosphate synthase 1","Discordant"
"O95373",-0.760009327699016,-0.209520728364595,-3.50455876009882,0.00226697925400312,0.0297469105157262,-1.53309674958511,TRUE,"Not Significant","IPO7","200992_at",1.15865486535137,9.87591012114452,3.71528718095284,0.000281293657906024,0.00682265719543865,0.0846109479152632,10527,"importin 7","Discordant"
"Q9BT78",-0.769810450529503,0.118509548498077,-3.49589067145602,0.00231269309829483,0.0301934932277381,-1.55185161001853,TRUE,"Not Significant","COPS4","218042_at",-1.44802889320078,9.1335514701398,-4.27466783478228,3.30185112566855e-05,0.00138449749238619,2.06257554853897,51138,"COP9 signalosome subunit 4","Concordant"
"Q9H0A8",-1.5221706388822,-0.39474145459639,-3.48571118481491,0.00236753792268309,0.0307541986438985,-1.57386477435329,TRUE,"Downregulated","COMMD4","206441_s_at",-1.75639508609653,5.97618927183277,-3.77963361318755,0.000222304885138462,0.00577843657342115,0.300583684592444,54939,"COMM domain containing 4","Concordant"
"O75116",-0.925427009509162,-0.356696820494938,-3.48149576741684,0.00239062284426586,0.0308025752667357,-1.58297682542897,TRUE,"Not Significant","ROCK2","202762_at",0.373783544738624,9.50865237986556,0.880246170744211,0.380064810488298,0.654468772879862,-5.99926899664557,9475,"Rho associated coiled-coil containing protein kinase 2","Discordant"
"Q92796",-1.64416008217775,-0.0134828962608379,-3.48068397283581,0.00239509386019879,0.0308025752667357,-1.58473134385074,TRUE,"Downregulated","DLG3","212728_at",-0.569217144193113,6.78461696344012,-1.382685233157,0.168715341753239,0.430465826653084,-5.44820071772908,1741,"discs large MAGUK scaffold protein 3","Concordant"
"P11766",0.848095072867225,0.67150971519584,3.46929544018925,0.00245869153172555,0.0311347769657628,-1.6093363417276,TRUE,"Not Significant","ADH5","208848_at",-0.792898189095262,8.13868797184353,-2.04666130881901,0.0423508015079144,0.197604401666394,-4.35662800272968,128,"alcohol dehydrogenase 5 (class III), chi polypeptide","Discordant"
"Q14697",-0.840105430955734,-0.0837137643709366,-3.46847335991053,0.00246334611008854,0.0311347769657628,-1.61111180731572,TRUE,"Not Significant","GANAB","214626_s_at",-0.767260240388114,7.26352657587319,-2.10770559821968,0.0366371475291474,0.181354240091982,-4.23603300885663,23193,"glucosidase II alpha subunit","Concordant"
"P02747",1.54567829266235,0.150842113319551,3.46745883855931,0.00246910223519589,0.0311347769657628,-1.61330277186357,TRUE,"Upregulated","C1QC","225353_s_at",0.282270044045153,5.74943178853402,0.570942066127984,0.568851245709882,0.791461268623534,-6.21793934406194,714,"complement C1q C chain","Concordant"
"Q9UHY1",-1.61386659168476,-0.50874061798525,-3.46464667180195,0.0024851270034933,0.0311847247768455,-1.61937524165267,TRUE,"Downregulated","NRBP1","217765_at",-0.873082532162042,5.81280533880724,-1.76961462443344,0.0787231310867186,0.282383154719005,-4.86150364893585,29959,"nuclear receptor binding protein 1","Concordant"
"O14807",0.967113124130445,-0.249385555949768,3.45456143036196,0.00254344241710976,0.031637623305414,-1.64114437856719,TRUE,"Not Significant","MRAS","206538_at",0.720313593102335,6.22165778497495,1.30028787037489,0.195398571793958,0.466269294590413,-5.55503104718714,22808,"muscle RAS oncogene homolog","Concordant"
"Q9H3Q1",1.52684116645274,-0.735412999867438,3.45417617095139,0.0025456965754453,0.031637623305414,-1.64197570123336,TRUE,"Upregulated","CDC42EP4","218063_s_at",-0.281913139642972,2.99798390690267,-0.615161348378583,0.539334443250877,0.772858958099837,-6.19235502286622,23580,"CDC42 effector protein 4","Discordant"
"P09382",0.941549235451754,-0.0188927863321031,3.44895130631344,0.00257646204863094,0.0316780966051591,-1.65324810487218,TRUE,"Not Significant","LGALS1","201105_at",-1.36302041564072,8.68435331844619,-2.9013374751742,0.00424706186260695,0.046256222247922,-2.37059201747657,3956,"galectin 1","Discordant"
"O00468",0.825058720045681,0.43680449755354,3.44739155370184,0.00258571697628185,0.0316780966051591,-1.65661249454384,TRUE,"Not Significant","AGRN","212283_at",1.29887138336728,4.58403953746842,2.45261946608585,0.0152714137682108,0.10606235708028,-3.49236690253117,375790,"agrin","Concordant"
"O14617",-0.903939888121645,-0.246891991912701,-3.43198114884346,0.00267893083296706,0.0325122966043269,-1.68983515641652,TRUE,"Not Significant","AP3D1","208710_s_at",-2.39379975611094,10.0237430088129,-4.87340789972125,2.64998872688596e-06,0.000198753097952052,4.41711741456284,8943,"adaptor related protein complex 3 subunit delta 1","Concordant"
"Q9H1P3",-0.868890244272619,-0.037997999150883,-3.43037153223823,0.00268885548510172,0.0325122966043269,-1.69330339972895,TRUE,"Not Significant","OSBPL2","209221_s_at",0.763723291464371,7.86666722716573,2.43355281186481,0.0160681756203254,0.109664552559913,-3.53620855046888,9885,"oxysterol binding protein like 2","Discordant"
"P53602",-1.10364986597514,0.228970585607974,-3.42820746376405,0.0027022557727537,0.0325122966043269,-1.69796576026554,TRUE,"Downregulated","MVD","203027_s_at",-0.232787063308619,3.43949326651585,-0.475570295390048,0.635038324088303,0.830713659123636,-6.26664943572464,4597,"mevalonate diphosphate decarboxylase","Concordant"
"P49407",0.610251116991193,0.442956774559154,3.42790763833839,0.00270411751254556,0.0325122966043269,-1.69861166596793,TRUE,"Not Significant","ARRB1","228444_at",-1.22854825176432,4.82679586491298,-2.24232194869741,0.0263343249054646,0.148847853488878,-3.95830855543079,408,"arrestin beta 1","Discordant"
"O94819",0.585971440447623,0.185920320452612,3.42431776579691,0.0027265066422338,0.0325323977379177,-1.70634426567725,TRUE,"Not Significant","KBTBD11","204301_at",0.131517430713066,9.19664103604374,0.376609132164636,0.70697010534737,0.870134316962462,-6.30783175659874,9920,"kelch repeat and BTB domain containing 11","Concordant"
"Q9HC38",0.561819515759377,0.613475917614724,3.42241643537233,0.00273843844253658,0.0325323977379177,-1.71043901571754,TRUE,"Not Significant","GLOD4","209092_s_at",-0.979788794841698,8.28455144285985,-2.86432719714194,0.00474809673206666,0.0496182507553165,-2.46955310814402,51031,"glyoxalase domain containing 4","Discordant"
"P53007",0.956206149362612,-0.29409803195377,3.42160526098186,0.00274354456745302,0.0325323977379177,-1.71218582709491,TRUE,"Not Significant","SLC25A1","210010_s_at",-0.0121309376842209,5.77088174788103,-0.0254678050506701,0.979714011523005,0.991622327575835,-6.37682793517754,6576,"solute carrier family 25 member 1","Discordant"
"P53004",0.584444249834775,-0.0689386404215332,3.41812816530156,0.00276553814005232,0.032566239106318,-1.71967248726208,TRUE,"Not Significant","BLVRA","229109_s_at",-1.18437641770626,4.74026221381832,-2.0935332838742,0.0379009671601285,0.184814884465716,-4.2643293312008,644,"biliverdin reductase A","Discordant"
"P45985",-0.866237233339408,-0.287002896486427,-3.41577769057075,0.00278050355131349,0.032566239106318,-1.72473242092109,TRUE,"Not Significant","MAP2K4","203266_s_at",-0.449313721373494,9.4905882561598,-1.1210869547662,0.263954330973312,0.544413252860334,-5.7651596277924,6416,"mitogen-activated protein kinase kinase 4","Concordant"
"Q9H993",-1.00321210002899,-0.142292002596635,-3.41236559745247,0.00280236991407948,0.032566239106318,-1.73207634845949,TRUE,"Downregulated","DCPH1","218195_at",0.131696190526144,8.12092965943071,0.277062432979871,0.782094835782903,0.907170252653366,-6.3396233793117,79624,"damage control phosphatase 1","Discordant"
"Q9NQ66",-0.775383949574675,0.0117919512608689,-3.4118255726819,0.00280584610350024,0.032566239106318,-1.73323850584825,TRUE,"Not Significant","PLCB1","213222_at",-0.322180491739717,11.8979676403534,-0.875839840677975,0.382448591245676,0.656375913350812,-6.00303327024775,23236,"phospholipase C beta 1","Concordant"
"O95433",-0.748681317573809,-0.0363306869283234,-3.41127581538332,0.00280938929234387,0.032566239106318,-1.73442156572313,TRUE,"Not Significant","AHSA1","201491_at",-0.350298174700386,9.81264021344954,-0.789327880569464,0.431104987567137,0.694967575989,-6.07314753907315,10598,"activator of HSP90 ATPase activity 1","Concordant"
"P43155",-1.22225715003585,-0.147430332302855,-3.40772248385767,0.00283239675575584,0.0326863643465574,-1.74206718690896,TRUE,"Downregulated","CRAT","209522_s_at",-0.7041651865097,8.27309745926524,-2.42589608849989,0.0163983800352949,0.111222547726941,-3.55372522148339,1384,"carnitine O-acetyltransferase","Concordant"
"P35080",-0.709080755036018,0.126597550016149,-3.4026668729797,0.00286545054015391,0.0329208428724349,-1.75294212961305,TRUE,"Not Significant","PFN2","204992_s_at",-0.814301612341835,11.6307428551299,-2.18384043429658,0.0304506485959609,0.162975803322186,-4.08094534262466,5217,"profilin 2","Concordant"
"P27797",-0.947618773508717,-0.180187995890189,-3.39248988603516,0.00293314068296595,0.0335494188737477,-1.77482233925624,TRUE,"Not Significant","CALR","200935_at",-1.37910786851812,4.76365516955901,-2.58791600625232,0.0105571487035057,0.0836357830564901,-3.17221898056886,811,"calreticulin","Concordant"
"Q13683",1.64668934832938,0.344540046740945,3.38930975147346,0.00295461276213372,0.0335898964572205,-1.78165644978661,TRUE,"Upregulated","ITGA7","216331_at",0.661754006721536,7.90262926499215,1.72091291316913,0.0872269783036401,0.299090205693024,-4.94299794930207,3679,"integrin subunit alpha 7","Concordant"
"P40121",1.19215491464989,0.385270116177591,3.38812259520161,0.00296266784999856,0.0335898964572205,-1.78420727028822,TRUE,"Upregulated","CAPG","201850_at",0.236351713027281,5.05334040398857,0.398399255825163,0.690874530456821,0.86198152607861,-6.29958322910648,822,"capping actin protein, gelsolin like","Concordant"
"P84074",-1.22181016079229,-0.225154176126836,-3.38319250527825,0.00299635067523935,0.0338234344781386,-1.79479824850425,TRUE,"Downregulated","HPCA","205454_at",-3.09884307125892,8.08408072315761,-8.00374175770427,2.45942500308778e-13,5.90273712288702e-10,19.7673949750743,3208,"hippocalcin","Concordant"
"P27348",-0.892398146970227,-0.0692152471913545,-3.37260859773532,0.00306993500001807,0.0345033998915074,-1.81752278593901,TRUE,"Not Significant","YWHAQ","200693_at",-1.20163771328827,10.1597814557019,-3.35841710349349,0.000982756532185065,0.0168213547863455,-1.0561795928844,10971,"tyrosine 3-monooxygenase/tryptophan 5-monooxygenase activation protein theta","Concordant"
"Q13492",-0.62304233663212,0.418706976558807,-3.36109734079969,0.00315197926280382,0.0351696351046818,-1.84221934046228,TRUE,"Not Significant","PICALM","212506_at",0.657787392594882,9.57483449447101,2.4598298323764,0.0149793793932016,0.104683264114913,-3.47570504154754,8301,"phosphatidylinositol binding clathrin assembly protein","Discordant"
"Q9UBP4",1.17160605879454,0.766030649026484,3.34950426352018,0.00323677833341313,0.0358200212559737,-1.86707100755994,TRUE,"Upregulated","DKK3","214247_s_at",-0.84392367413153,13.8022638496802,-2.98636675074329,0.00327400416866976,0.0386628594435625,-2.13893409924126,27122,"dickkopf Wnt signaling pathway inhibitor 3","Discordant"
"P82673",-1.96980990555259,-1.17887030477773,-3.34873162636691,0.00324250869396435,0.0358200212559737,-1.8687265452182,TRUE,"Downregulated","MRPS35","217942_at",-0.380196382273432,8.79562007230711,-1.2374303905279,0.217765820648652,0.493818731508715,-5.63220989845966,60488,"mitochondrial ribosomal protein S35","Concordant"
"Q01130",0.676997941253198,-0.426306363896978,3.34563197465648,0.00326559776014606,0.0359215753616066,-1.87536726822421,TRUE,"Not Significant","SRSF2","214882_s_at",-0.0493397383378182,8.46742071470206,-0.168701172894416,0.866247778889065,0.946425825448486,-6.36323170946767,6427,"serine and arginine rich splicing factor 2","Discordant"
"P00387",1.04842690564946,0.126447044789427,3.33448602858793,0.0033499617972839,0.0366934374829613,-1.89923401740461,TRUE,"Upregulated","CYB5R3","201885_s_at",-0.994511075697067,10.8839795714335,-2.84392264577611,0.00504688315744259,0.0515684231523601,-2.523624439332,1727,"cytochrome b5 reductase 3","Discordant"
"Q9ULD0",-1.6787140169253,-1.67004848647918,-3.31274140319721,0.00352073631964194,0.0384012801108625,-1.94573869861975,TRUE,"Downregulated","OGDHL","219277_s_at",-0.994547046501407,8.46823858828648,-2.33017268350406,0.0210636271957252,0.129624893075915,-3.76839019111263,55753,"oxoglutarate dehydrogenase L","Concordant"
"Q5MNZ6",0.75846036934038,0.573080259016332,3.31063885754579,0.00353769385640993,0.0384241118437802,-1.95023130054607,TRUE,"Not Significant","WDR45B","209076_s_at",0.711570794117044,9.84175504731105,2.88662369306888,0.00444015338402857,0.0475639045076353,-2.41007136927188,56270,"WD repeat domain 45B","Concordant"
"P61916",0.962047834122337,0.481001671613585,3.30757155005222,0.00356257586798519,0.0385324628399235,-1.95678405157991,TRUE,"Not Significant","NPC2","200701_at",0.151832160209353,8.05372374475033,0.48581861763046,0.627769795028828,0.82583523710615,-6.2618395614866,10577,"NPC intracellular cholesterol transporter 2","Concordant"
"O75521",0.866137385893226,0.0835503844347484,3.30019114516569,0.00362314952796548,0.0390243397074615,-1.97254460148865,TRUE,"Not Significant","ECI2","218025_s_at",0.173366283909059,7.34334166233375,0.427830217637392,0.669358139179238,0.850189216825264,-6.28770758407089,10455,"enoyl-CoA delta isomerase 2","Concordant"
"P60900",0.532603792532225,0.257256600155556,3.28620795608946,0.00374068940121294,0.0401231622495247,-2.00238021237843,TRUE,"Not Significant","PSMA6","208805_at",0.343731587221431,10.301314077645,1.108315903003,0.269412091544643,0.549720206709913,-5.77896813738147,5687,"proteasome 20S subunit alpha 6","Concordant"
"P08107",0.871803144582976,0.0170869535447334,3.27376342239327,0.00384842524228698,0.0408170623145379,-2.02890497650986,TRUE,"Not Significant","HSPA1A","200799_at",1.52296490254295,12.229108008383,3.24483648526017,0.00143485591893488,0.0218022831384494,-1.39849463933047,3303,"heat shock protein family A (Hsp70) member 1A","Concordant"
"P08107",0.871803144582976,0.0170869535447334,3.27376342239327,0.00384842524228698,0.0408170623145379,-2.02890497650986,TRUE,"Not Significant","HSPA1B","202581_at",0.951275110731645,8.67839645888601,2.20681046244172,0.0287716534460376,0.157332454993241,-4.0331393570116,3304,"heat shock protein family A (Hsp70) member 1B","Concordant"
"Q15274",1.29879183314191,0.560010040078359,3.27327081252057,0.00385275172330648,0.0408170623145379,-2.02995439805383,TRUE,"Upregulated","QPRT","204044_at",-1.41786963870316,5.77429697652951,-2.80376644995395,0.00568554328108694,0.0556853997104669,-2.62902023265212,23475,"quinolinate phosphoribosyltransferase","Discordant"
"Q9UMY4",-0.964170582212223,-0.289867529883147,-3.27137621577734,0.00386943587476948,0.0408264968827719,-2.03399012383551,TRUE,"Not Significant","SNX12","231723_at",0.968834634607343,4.60571512686521,1.8856714408386,0.0611773718710455,0.244958586776203,-4.65852075891857,29934,"sorting nexin 12","Discordant"
"Q9GZT3",-1.20022636626358,-0.546088583206371,-3.2677435038603,0.00390162385638256,0.0409987710111745,-2.04172651274107,TRUE,"Downregulated","SLIRP","221434_s_at",-2.10618067865991,9.00791688998441,-4.59923838666239,8.6521618671022e-06,0.000496671537885898,3.30997004631983,81892,"SRA stem-loop interacting RNA binding protein","Concordant"
"O15540",0.823995218086252,-0.250288736989351,3.2657969617727,0.00391897886561065,0.041014414443739,-2.04587101457878,TRUE,"Not Significant","FABP7","205029_s_at",-1.13011874124433,6.05850822732536,-2.06873748750414,0.0402022552235179,0.191519973989387,-4.31340254907731,2173,"fatty acid binding protein 7","Discordant"
"Q504Y0",1.46636065730658,0.559006101844173,3.25655429860033,0.00400241921747502,0.0417187648273102,-2.06554109541624,TRUE,"Upregulated","SLC39A12","1553126_a_at",1.10716374089889,8.18094159660131,2.4480299909504,0.0154599220426733,0.106952607869129,-3.50294880584514,221074,"solute carrier family 39 member 12","Concordant"
"Q9UJY1",2.45291513019189,0.24639637309595,3.2525881344112,0.00403875442979927,0.0419284345422936,-2.07397720989255,TRUE,"Upregulated","HSPB8","221667_s_at",0.560260873772245,9.55789418845807,1.74873887199157,0.0822810151968506,0.289497064358567,-4.89670338580594,26353,"heat shock protein family B (small) member 8","Concordant"
"P78352",-1.15732189676636,-0.394931850612673,-3.24972926682792,0.00406514492312934,0.0420335985051574,-2.08005635215483,TRUE,"Downregulated","DLG4","204592_at",0.698511156634195,7.37886136549022,2.19430302929859,0.0296756266585025,0.160575284081549,-4.0592284892037,1742,"discs large MAGUK scaffold protein 4","Discordant"
"Q9ULP0",0.723248494640661,-0.179436837797719,3.23947003052185,0.00416124220397494,0.0427050586486262,-2.10185974182555,TRUE,"Not Significant","NDRG4","209159_s_at",-1.0327448054712,9.33998690757402,-2.69635469496258,0.00777150800655938,0.0685219913525718,-2.90427107795232,65009,"NDRG family member 4","Discordant"
"Q8WW59",-1.52332437257061,0.228052922877867,-3.23711816068907,0.00418358238080398,0.0427050586486262,-2.10685537498704,TRUE,"Downregulated","SPRYD4","225616_at",-0.144158010063955,6.09940024778094,-0.39394970326536,0.694150099757241,0.864064375950015,-6.30130519389865,283377,"SPRY domain containing 4","Concordant"
"Q7Z4W1",0.639304820691675,-0.330744920965332,3.23614603874387,0.00419285061825354,0.0427050586486262,-2.10891997794243,TRUE,"Not Significant","DCXR","217973_at",-1.29918904304194,8.00854366454001,-2.71666762461666,0.00733055988434481,0.0659174930831156,-2.85296519283761,51181,"dicarbonyl and L-xylulose reductase","Discordant"
"P04040",1.05371612543273,0.247519507500094,3.23363841497421,0.00421685096825622,0.0427050586486262,-2.1142449049828,TRUE,"Upregulated","CAT","215573_at",0.411445048168126,4.90841629350782,0.739909887852706,0.460454240683144,0.716279748365398,-6.10995551947733,847,"catalase","Concordant"
"Q9Y617",0.742881515691508,0.758500636472704,3.23235305130441,0.00422920503444809,0.0427050586486262,-2.11697392566284,TRUE,"Not Significant","PSAT1","223062_s_at",0.710174711215876,10.2162759342332,1.93293145285461,0.0550354931615659,0.229889266603355,-4.5723365403746,29968,"phosphoserine aminotransferase 1","Concordant"
"Q63ZY3",1.4116217531804,-0.303507075372316,3.23051600454759,0.0042469228322472,0.0427171031959495,-2.12087373027041,TRUE,"Upregulated","KANK2","218418_s_at",1.20576452368399,7.88972391172564,2.79730307361575,0.00579495777282299,0.0563083992111146,-2.64585802676815,25959,"KN motif and ankyrin repeat domains 2","Concordant"
"P15259",2.1246804423749,-0.312907160908987,3.22694498982027,0.0042815716927794,0.0428986931233905,-2.12845275318183,TRUE,"Upregulated","PGAM2","205736_at",0.0616794345706184,4.11118629169876,0.114822914525516,0.908731485872878,0.963756877964081,-6.37069929295111,5224,"phosphoglycerate mutase 2","Concordant"
"P10645",1.24186589134285,0.270162941000924,3.2249591043564,0.00430095950444717,0.0429265649382082,-2.13266653047005,TRUE,"Upregulated","CHGA","204697_s_at",-0.70825515615668,10.2490689791016,-1.64897635732594,0.101142226388681,0.325127198942275,-5.0593651400156,1113,"chromogranin A","Discordant"
"P35609",-0.912385152271523,-0.0081027650276821,-3.21871761979755,0.00436245299916562,0.0432066705089775,-2.14590537789002,TRUE,"Not Significant","ACTN2","203861_s_at",-2.1127094814376,6.49343069534107,-3.22447210740602,0.00153402983490823,0.022867979210059,-1.45878709871304,88,"actinin alpha 2","Concordant"
"Q9P0P8",-1.30716721854076,-0.175750422879786,-3.2134263454765,0.00441525545262406,0.0434228227456158,-2.15712307668642,TRUE,"Downregulated","MTRES1","223576_at",0.224436196471273,8.16877580795119,0.699181135292179,0.485468308280877,0.735152726787383,-6.13851567122577,51250,"mitochondrial transcription rescue factor 1","Discordant"
"O60883",0.730314117598969,-0.570945841427277,3.21021328256494,0.00444762262349315,0.0434228227456158,-2.16393234275215,TRUE,"Not Significant","GPR37L1","1556155_at",0.449150172408312,6.91765310859583,1.21266347875815,0.227071161689301,0.504190211916932,-5.66159053315857,9283,"G protein-coupled receptor 37 like 1","Concordant"
"Q9H8H3",0.806151765137391,-0.405017964980871,3.21007272926815,0.00444904377154142,0.0434228227456158,-2.16423016546049,TRUE,"Not Significant","TMT1A","207761_s_at",1.36611206776574,11.2375298543236,3.5281361775721,0.000548406340867126,0.0110516705262071,-0.525833252394954,25840,"thiol methyltransferase 1A","Concordant"
"Q9UI15",-0.682989631723867,0.347917327111836,-3.20983294688304,0.00445146925632038,0.0434228227456158,-2.16473823919407,TRUE,"Not Significant","TAGLN3","204743_at",-0.657224348078158,10.5203930924065,-1.62289984540295,0.106607268769587,0.335065661839358,-5.10036361088042,29114,"transgelin 3","Concordant"
"P49802",-0.800051996702853,-0.589444522507676,-3.20660747269473,0.00448422163039974,0.0435778680999373,-2.17157163189523,TRUE,"Not Significant","RGS7","1554500_a_at",-1.79715836526488,5.76835138052515,-4.15536498256893,5.30880292925868e-05,0.00202397107743999,1.62203808519829,6000,"regulator of G protein signaling 7","Concordant"
"O75569",-1.30296370597168,-1.73323589181037,-3.19752654253632,0.00457769840212003,0.0443196643051696,-2.19079967405653,TRUE,"Downregulated","PRKRA","209139_s_at",-0.787534029385943,7.64224604487243,-2.6511865796274,0.00883913692942974,0.0744860960341395,-3.01709916284443,8575,"protein activator of interferon induced protein kinase EIF2AK2","Concordant"
"Q9UMS6",1.02589070755895,0.795702949663861,3.19502172994951,0.0046038146243696,0.0444061970298337,-2.19610063130389,TRUE,"Upregulated","SYNPO2","227662_at",1.29557138910862,8.23516208547539,3.35034889073372,0.00100985579622809,0.0170955819787687,-1.08083209737728,171024,"synaptopodin 2","Concordant"
"P51608",0.730487493397711,-0.534006866824768,3.19328749476958,0.00462198146291545,0.0444156954707675,-2.19977010682433,TRUE,"Not Significant","MECP2","202616_s_at",0.659151113730456,6.90556670099963,1.79837955120823,0.0740286660896517,0.271967257058425,-4.81234490869171,4204,"methyl-CpG binding protein 2","Concordant"
"O94952",-1.24545480464701,0.292342209063543,-3.19092889353782,0.0046468009026032,0.0444888160489973,-2.20475975689678,TRUE,"Downregulated","FBXO21","214891_at",-0.611293891234624,5.73985126034509,-1.20749731660197,0.229047735560756,0.50634830124118,-5.66764563543161,23014,"F-box protein 21","Concordant"
"P29218",0.521454152987333,0.685253695814316,3.18580844867758,0.00470113071260268,0.0447838048692451,-2.21558844068803,TRUE,"Not Significant","IMPA1","203011_at",-0.277096623989834,10.0910894282926,-0.674060796896309,0.501259047357845,0.74641521429742,-6.15532982647607,3612,"inositol monophosphatase 1","Discordant"
"O00231",-0.667797869494388,-0.206399574127782,-3.18364188444213,0.00472430455413058,0.0447838048692451,-2.22016875327373,TRUE,"Not Significant","PSMD11","208777_s_at",0.258971986462003,7.75239481770739,0.585863798202822,0.558804189784483,0.785264316325425,-6.2095182394041,5717,"proteasome 26S subunit, non-ATPase 11","Discordant"
"P63218",0.600167717755968,0.272518515192326,3.18314959963838,0.00472958558193575,0.0447838048692451,-2.22120936111787,TRUE,"Not Significant","GNG5","207157_s_at",-0.192750538214,8.36248121792652,-0.675899499463156,0.500093988473245,0.745763339840131,-6.15411984096904,2787,"G protein subunit gamma 5","Discordant"
"Q00796",0.922485700123386,0.285944982214879,3.17974958675905,0.0047662167763316,0.0449659502438584,-2.22839513596988,TRUE,"Not Significant","SORD","201563_at",-1.03616897315289,6.84192270080914,-3.27127243263667,0.00131500403537049,0.0205384314802317,-1.31973328470087,6652,"sorbitol dehydrogenase","Discordant"
"Q13526",-0.941369905963033,-0.599373447795036,-3.17490513082972,0.00481888771284083,0.0450559872988437,-2.23862978591502,TRUE,"Not Significant","PIN1","202927_at",-2.62046045381266,9.08595049160202,-6.1704690361943,5.50729536902277e-09,1.58613253653781e-06,10.243839208325,5300,"peptidylprolyl cis/trans isomerase, NIMA-interacting 1","Concordant"
"P43003",1.19546168354975,-0.833099275484996,3.17468429196326,0.00482130221916925,0.0450559872988437,-2.23909623226012,TRUE,"Upregulated","SLC1A3","202800_at",0.903157568260051,12.3531977651589,2.5944178033592,0.0103677177885298,0.0825502913522414,-3.15643662586394,6507,"solute carrier family 1 member 3","Concordant"
"P63104",-0.77676730913067,0.444443000981505,-3.17406771471063,0.00482804970281614,0.0450559872988437,-2.2403984895934,TRUE,"Not Significant","YWHAZ","200639_s_at",-1.42467578180458,11.7589608097581,-3.83399783987759,0.000181802744173588,0.00498827300854931,0.485445157269738,7534,"tyrosine 3-monooxygenase/tryptophan 5-monooxygenase activation protein zeta","Concordant"
"P55060",-0.859110877385362,-0.121376624274142,-3.17069533689884,0.00486511808633207,0.0452385980329799,-2.24751988369925,TRUE,"Not Significant","CSE1L","210766_s_at",-1.00520063049884,8.77172697624622,-2.79768317757489,0.00578847056467656,0.0562803423098602,-2.64486878553753,1434,"chromosome segregation 1 like","Concordant"
"P55209",-0.916582562625547,-0.0354073824617351,-3.16538928242883,0.00492400235805352,0.0454016910873915,-2.25872005343527,TRUE,"Not Significant","NAP1L1","204528_s_at",0.586224740033339,9.94459579940902,2.01987459506407,0.0450887728532064,0.205063999329945,-4.40848691813829,4673,"nucleosome assembly protein 1 like 1","Discordant"
"P43307",0.699152846991599,-0.419587328972175,3.16405160236446,0.00493895645253285,0.0454016910873915,-2.26154278703596,TRUE,"Not Significant","SSR1","226712_at",1.26430678878576,7.7345400335196,2.90796369565712,0.00416264150908015,0.0456685447756092,-2.35275412856252,6745,"signal sequence receptor subunit 1","Concordant"
"Q9UQ16",-0.670998261406804,-0.854138545675876,-3.16217613388231,0.00495999697640089,0.0454016910873915,-2.26549974781975,TRUE,"Not Significant","DNM3","1558502_s_at",-1.67185891890781,4.83657788734003,-3.00775874614237,0.00306384811788826,0.0369339892345578,-2.07971451404357,26052,"dynamin 3","Concordant"
"Q99747",-0.505516453329337,0.166337512138802,-3.16182422056184,0.00496395472985975,0.0454016910873915,-2.26624215487754,TRUE,"Not Significant","NAPG","210048_at",1.02720831487108,6.65395606889974,2.58655338608941,0.0105972406053979,0.0838479629125054,-3.17552198392329,8774,"NSF attachment protein gamma","Discordant"
"P30153",-0.637699053446277,-0.141274506196149,-3.16124502551291,0.00497047527184982,0.0454016910873915,-2.26746398870727,TRUE,"Not Significant","PPP2R1A","200695_at",-0.570874414915179,7.7831157143329,-1.55722498501162,0.121420746510502,0.359349797115431,-5.20081927919351,5518,"protein phosphatase 2 scaffold subunit Aalpha","Concordant"
"Q12904",-0.827722934104587,-0.0994354487015364,-3.14861439693044,0.00511475973365303,0.0464029195441134,-2.2940920753913,TRUE,"Not Significant","AIMP1","227605_at",-0.79380763756793,7.11713707097768,-2.18882719979597,0.0300790888485045,0.161760153334771,-4.07060664330668,9255,"aminoacyl tRNA synthetase complex interacting multifunctional protein 1","Concordant"
"P25325",0.610341365190363,0.558671318005254,3.14850826602075,0.00511598919538581,0.0464029195441134,-2.29431568617168,TRUE,"Not Significant","MPST","203524_s_at",-0.489291676053495,6.7600981527354,-1.09487296851952,0.275240912845361,0.555252051245558,-5.7933349026107,4357,"mercaptopyruvate sulfurtransferase","Discordant"
"P22314",-0.962263000766718,-0.0561735180556802,-3.14575196216851,0.00514802011233503,0.0464322209449629,-2.30012223633039,TRUE,"Not Significant","UBA1","200964_at",-1.17851003245691,8.6632910184499,-3.1064071240911,0.00224611898914309,0.0299665321009991,-1.80178411908495,7317,"ubiquitin like modifier activating enzyme 1","Concordant"
"P43007",1.41017815397613,0.162986738256019,3.14514120311825,0.00515514406622993,0.0464322209449629,-2.30140867947034,TRUE,"Upregulated","SLC1A4","209610_s_at",-1.85980731364366,9.00476483930196,-6.08746906764392,8.39178321848772e-09,2.25900456095972e-06,9.84476247223469,6509,"solute carrier family 1 member 4","Discordant"
"P52209",0.705609062253518,0.238505899692372,3.14117119920039,0.0052016847361892,0.0466887327883649,-2.30976885762675,TRUE,"Not Significant","PGD","201118_at",-1.02379453654504,5.99002951645757,-1.89358558216752,0.0601105891798712,0.242483155581175,-4.64423023808847,5226,"phosphogluconate dehydrogenase","Discordant"
"P10768",0.686295954199804,0.553019016940544,3.13611085554675,0.00526159989612205,0.0470630994168703,-2.32042044622489,TRUE,"Not Significant","ESD","215096_s_at",-0.784253741815416,10.9125487017227,-1.96096077537961,0.0516442255095729,0.221676086689489,-4.52026202730054,2098,"esterase D","Discordant"
"Q15019",0.698100884680088,0.518510259392852,3.13340862025763,0.00529386887475563,0.0471884518663562,-2.32610626710868,TRUE,"Not Significant","SEPTIN2","1559038_at",1.98927880698393,8.22613828704534,5.04268936800545,1.24755943541628e-06,0.000112549923656125,5.12404216003048,4735,"septin 2","Concordant"
"Q92614",-0.737623515263876,-0.0333255541811335,-3.11913633226221,0.00546751794338746,0.048436740600665,-2.35611176218534,TRUE,"Not Significant","MYO18A","202039_at",-0.539436084552914,8.17672734104299,-1.95748194268998,0.0520552940305255,0.222871124229741,-4.52676397758828,399687,"myosin XVIIIA","Concordant"
"P31937",0.806003783205129,-0.338917829623914,3.11882359564817,0.00547138423806352,0.048436740600665,-2.35676877188537,TRUE,"Not Significant","HIBADH","224812_at",-0.581245148147124,7.35189055279539,-1.92315663412972,0.056261401195442,0.233042091573382,-4.59032887214093,11112,"3-hydroxyisobutyrate dehydrogenase","Discordant"
"Q765P7",0.995214825210214,-0.36301099457699,3.1153675787307,0.00551428738427628,0.0486499415984784,-2.36402794437711,TRUE,"Not Significant","MTSS2","1556175_at",-1.57117415737599,4.28030114177339,-2.84936974883843,0.00496548518318264,0.0510537369884921,-2.50922381594913,92154,"MTSS I-BAR domain containing 2","Discordant"
"Q9Y6U3",3.68249976913418,0.183114140609744,3.11225595894592,0.00555319446813882,0.0488265568031934,-2.37056157855031,TRUE,"Upregulated","SCIN","1552365_at",1.01599878382858,5.49608497401206,1.80928385846334,0.0723105459605571,0.268255838875169,-4.79351100311402,85477,"scinderin","Concordant"
"P35749",1.28607726314741,-0.710977452860718,3.10865807118103,0.00559851401209955,0.0490581651568723,-2.37811370425134,TRUE,"Upregulated","MYH11","228133_s_at",-1.04321335179432,3.4537818883647,-1.97895313737328,0.0495617157809849,0.216611172136439,-4.48645907150456,4629,"myosin heavy chain 11","Discordant"
"P08238",-0.747663476536248,-0.303836212903345,-3.1068875529029,0.00562094732689459,0.0490824837069561,-2.38182909258971,TRUE,"Not Significant","HSP90AB1","214359_s_at",-2.09825354813827,7.66327552609158,-3.68466954449581,0.000314299713432523,0.0074383678998501,-0.0170683097074127,3326,"heat shock protein 90 alpha family class B member 1","Concordant"
"P16870",0.836295298027845,0.260453389799734,3.10544700657733,0.00563926408548007,0.0490824837069561,-2.38485155120543,TRUE,"Not Significant","CPE","201116_s_at",0.242300572827395,9.66107720772396,0.686775429695822,0.493232427083145,0.740656881105278,-6.14689577089113,1363,"carboxypeptidase E","Concordant"
"P42704",-1.55429570528032,-1.17850211858714,-3.10381689587076,0.00566006104745104,0.0490981805626206,-2.38827120798544,TRUE,"Downregulated","LRPPRC","211615_s_at",-0.632060687614203,9.74601883149523,-1.94492546757372,0.0535620564999271,0.226592269793931,-4.55014069646148,10128,"leucine rich pentatricopeptide repeat containing","Concordant"
"Q8IV01",-1.65081815092229,-0.916019574655093,-3.101879500813,0.00568487515022352,0.0491485025529358,-2.3923347501279,TRUE,"Downregulated","SYT12","228072_at",-0.7252666654623,7.07344744870261,-2.21202085313951,0.0284021937532281,0.156328379093202,-4.02222999620382,91683,"synaptotagmin 12","Concordant"
"Q9UDY4",-0.738431230973391,-0.855315920146212,-3.09818452078026,0.00573249331239331,0.049394984041789,-2.40008246842372,TRUE,"Not Significant","DNAJB4","203810_at",-1.22907503932652,8.48742982333617,-4.24953233926411,3.652184069363e-05,0.00150880105967184,1.96894146317278,11080,"DnaJ heat shock protein family (Hsp40) member B4","Concordant"
"P17096",0.969078034235545,-0.746696284949038,3.09508551509556,0.00577272917942684,0.0495764283349448,-2.40657827270014,TRUE,"Not Significant","HMGA1","206074_s_at",-0.895612661698881,6.51515567557669,-2.25477508936331,0.0255233141556963,0.146181881450142,-3.93180198598821,3159,"high mobility group AT-hook 1","Discordant"
